,name,position,age,market_value,country_from,league_from,club_from,country_to,league_to,club_to,fee,year
0,Jack Grealish,Left Winger,25,65000000,England,Premier League,Aston Villa,England,Premier League,Manchester City,117000000,2021
1,Romelu Lukaku,Centre-Forward,28,100000000,Italy,Serie A,Inter Milan,England,Premier League,Chelsea FC,113000000,2021
2,Jadon Sancho,Left Winger,21,100000000,Germany,Bundesliga,Borussia Dortmund,England,Premier League,Manchester United,85000000,2021
3,Dusan Vlahovic,Centre-Forward,22,70000000,Italy,Serie A,ACF Fiorentina,Italy,Serie A,Juventus FC,81000000,2021
4,Lionel Messi,Right Winger,34,80000000,Spain,LaLiga,FC Barcelona,France,Ligue 1,Paris Saint-Germain,free transfer,2021
5,Raphaël Varane,Centre-Back,28,70000000,Spain,LaLiga,Real Madrid,England,Premier League,Manchester United,40000000,2021
6,Achraf Hakimi,Right-Back,22,60000000,Italy,Serie A,Inter Milan,France,Ligue 1,Paris Saint-Germain,68000000,2021
7,Dayot Upamecano,Centre-Back,22,60000000,Germany,Bundesliga,RB Leipzig,Germany,Bundesliga,Bayern Munich,42000000,2021
8,Antoine Griezmann,Second Striker,30,60000000,Spain,LaLiga,FC Barcelona,Spain,LaLiga,Atlético de Madrid,10000000,2021
9,Gianluigi Donnarumma,Goalkeeper,22,60000000,Italy,Serie A,AC Milan,France,Ligue 1,Paris Saint-Germain,free transfer,2021
10,Ben White,Right-Back,23,28000000,England,Premier League,Brighton & Hove Albion,England,Premier League,Arsenal FC,58000000,2021
11,Ferran Torres,Left Winger,21,45000000,England,Premier League,Manchester City,Spain,LaLiga,FC Barcelona,55000000,2021
12,Eduardo Camavinga,Central Midfield,18,55000000,France,Ligue 1,Stade Rennais FC,Spain,LaLiga,Real Madrid,31000000,2021
13,David Alaba,Centre-Back,29,55000000,Germany,Bundesliga,Bayern Munich,Spain,LaLiga,Real Madrid,free transfer,2021
14,André Silva,Centre-Forward,25,45000000,Germany,Bundesliga,Eintracht Frankfurt,Germany,Bundesliga,RB Leipzig,23000000,2021
15,Cristiano Ronaldo,Centre-Forward,36,45000000,Italy,Serie A,Juventus FC,England,Premier League,Manchester United,17000000,2021
16,Memphis Depay,Centre-Forward,27,45000000,France,Ligue 1,Olympique Lyon,Spain,LaLiga,FC Barcelona,free transfer,2021
17,Bruno Guimarães,Defensive Midfield,24,30000000,France,Ligue 1,Olympique Lyon,England,Premier League,Newcastle United,42000000,2021
18,Marcel Sabitzer,Central Midfield,27,42000000,Germany,Bundesliga,RB Leipzig,Germany,Bundesliga,Bayern Munich,15000000,2021
19,Luis Díaz,Left Winger,25,40000000,Portugal,Liga Bwin,FC Porto,England,Premier League,Liverpool FC,47000000,2021
20,Ibrahima Konaté,Centre-Back,22,35000000,Germany,Bundesliga,RB Leipzig,England,Premier League,Liverpool FC,40000000,2021
21,Tammy Abraham,Centre-Forward,23,38000000,England,Premier League,Chelsea FC,Italy,Serie A,AS Roma,40000000,2021
22,Martin Ødegaard,Attacking Midfield,22,40000000,Spain,LaLiga,Real Madrid,England,Premier League,Arsenal FC,35000000,2021
23,Nuno Mendes,Left-Back,19,40000000,Portugal,Liga Bwin,Sporting CP,France,Ligue 1,Paris Saint-Germain,7000000,2021
24,Saúl Ñíguez,Central Midfield,26,40000000,Spain,LaLiga,Atlético de Madrid,England,Premier League,Chelsea FC,5000000,2021
25,Emiliano Buendía,Right Winger,24,35000000,England,Premier League,Norwich City,England,Premier League,Aston Villa,38000000,2021
26,Rodrigo de Paul,Central Midfield,27,38000000,Italy,Serie A,Udinese Calcio,Spain,LaLiga,Atlético de Madrid,35000000,2021
27,Tanguy Ndombélé,Central Midfield,25,38000000,England,Premier League,Tottenham Hotspur,France,Ligue 1,Olympique Lyon,1000000,2021
28,Kurt Zouma,Centre-Back,26,32000000,England,Premier League,Chelsea FC,England,Premier League,West Ham United,35000000,2021
29,Leon Bailey,Left Winger,23,35000000,Germany,Bundesliga,Bayer 04 Leverkusen,England,Premier League,Aston Villa,32000000,2021
30,Angeliño,Left-Back,24,35000000,England,Premier League,Manchester City,Germany,Bundesliga,RB Leipzig,18000000,2021
31,Cristian Romero,Centre-Back,23,35000000,Italy,Serie A,Juventus FC,Italy,Serie A,Atalanta BC,17000000,2021
32,Moise Kean,Centre-Forward,21,35000000,England,Premier League,Everton FC,Italy,Serie A,Juventus FC,7000000,2021
33,Hakan Calhanoglu,Central Midfield,27,35000000,Italy,Serie A,AC Milan,Italy,Serie A,Inter Milan,free transfer,2021
34,Cristian Romero,Centre-Back,23,35000000,Italy,Serie A,Atalanta BC,England,Premier League,Tottenham Hotspur,loan transfer,2021
35,Manuel Locatelli,Defensive Midfield,23,35000000,Italy,Serie A,US Sassuolo,Italy,Serie A,Juventus FC,loan transfer,2021
36,Robin Gosens,Left Midfield,27,35000000,Italy,Serie A,Atalanta BC,Italy,Serie A,Inter Milan,loan transfer,2021
37,Anthony Martial,Centre-Forward,26,32000000,England,Premier League,Manchester United,Spain,LaLiga,Sevilla FC,loan transfer,2021
38,Fikayo Tomori,Centre-Back,23,28000000,England,Premier League,Chelsea FC,Italy,Serie A,AC Milan,31000000,2021
39,Patson Daka,Centre-Forward,22,22000000,Austria,Bundesliga,Red Bull Salzburg,England,Premier League,Leicester City,30000000,2021
40,Donyell Malen,Left Winger,22,30000000,Netherlands,Eredivisie,PSV Eindhoven,Germany,Bundesliga,Borussia Dortmund,30000000,2021
41,Matheus Cunha,Centre-Forward,22,30000000,Germany,Bundesliga,Hertha BSC,Spain,LaLiga,Atlético de Madrid,30000000,2021
42,Nikola Vlasic,Attacking Midfield,23,30000000,Russia,Premier Liga,CSKA Moscow,England,Premier League,West Ham United,30000000,2021
43,Chris Wood,Centre-Forward,30,6000000,England,Premier League,Burnley FC,England,Premier League,Newcastle United,30000000,2021
44,Lucas Digne,Left-Back,28,30000000,England,Premier League,Everton FC,England,Premier League,Aston Villa,30000000,2021
45,Bryan Gil,Left Winger,20,30000000,Spain,LaLiga,Sevilla FC,England,Premier League,Tottenham Hotspur,25000000,2021
46,Matteo Politano,Right Winger,27,30000000,Italy,Serie A,Inter Milan,Italy,Serie A,SSC Napoli,21000000,2021
47,Dejan Kulusevski,Right Winger,21,30000000,Italy,Serie A,Juventus FC,England,Premier League,Tottenham Hotspur,10000000,2021
48,Joaquín Correa,Second Striker,27,30000000,Italy,Serie A,SS Lazio,Italy,Serie A,Inter Milan,6000000,2021
49,Georginio Wijnaldum,Central Midfield,30,30000000,England,Premier League,Liverpool FC,France,Ligue 1,Paris Saint-Germain,free transfer,2021
50,Danny Ings,Centre-Forward,29,22000000,England,Premier League,Southampton FC,England,Premier League,Aston Villa,29000000,2021
51,Joe Willock,Central Midfield,21,16000000,England,Premier League,Arsenal FC,England,Premier League,Newcastle United,29000000,2021
52,Daniel James,Right Winger,23,18000000,England,Premier League,Manchester United,England,Premier League,Leeds United,29000000,2021
53,Aaron Ramsdale,Goalkeeper,23,12000000,England,Championship,Sheffield United,England,Premier League,Arsenal FC,28000000,2021
54,Boubakary Soumaré,Defensive Midfield,22,28000000,France,Ligue 1,LOSC Lille,England,Premier League,Leicester City,20000000,2021
55,James Rodríguez,Attacking Midfield,30,28000000,England,Premier League,Everton FC,Qatar,Stars League,Al-Rayyan SC,8000000,2021
56,Bryan Gil,Left Winger,20,28000000,England,Premier League,Tottenham Hotspur,Spain,LaLiga,Valencia CF,500k,2021
57,Merih Demiral,Centre-Back,23,28000000,Italy,Serie A,Juventus FC,Italy,Serie A,Atalanta BC,loan transfer,2021
58,Adama Traoré,Right Winger,26,28000000,England,Premier League,Wolverhampton Wanderers,Spain,LaLiga,FC Barcelona,loan transfer,2021
59,Sandro Tonali,Defensive Midfield,21,27000000,Italy,Serie B,Brescia Calcio,Italy,Serie A,AC Milan,14000000,2021
60,Denis Zakaria,Defensive Midfield,25,27000000,Germany,Bundesliga,Borussia Mönchengladbach,Italy,Serie A,Juventus FC,10000000,2021
61,Marash Kumbulla,Centre-Back,21,25000000,Italy,Serie A,Hellas Verona,Italy,Serie A,AS Roma,26000000,2021
62,Emerson Royal,Right-Back,22,25000000,Spain,LaLiga,FC Barcelona,England,Premier League,Tottenham Hotspur,25000000,2021
63,Yuri Alberto,Centre-Forward,20,12000000,Brazil,Série A,Sport Club Internacional,Russia,Premier Liga,Zenit St. Petersburg,25000000,2021
64,Weston McKennie,Central Midfield,22,25000000,Germany,2. Bundesliga,FC Schalke 04,Italy,Serie A,Juventus FC,20000000,2021
65,Rodrigo Bentancur,Central Midfield,24,25000000,Italy,Serie A,Juventus FC,England,Premier League,Tottenham Hotspur,19000000,2021
66,Ilaix Moriba,Central Midfield,18,25000000,Spain,Primera Federación - Gr. II,FC Barcelona B,Germany,Bundesliga,RB Leipzig,16000000,2021
67,Mike Maignan,Goalkeeper,25,25000000,France,Ligue 1,LOSC Lille,Italy,Serie A,AC Milan,15000000,2021
68,Emerson Royal,Right-Back,22,25000000,Spain,LaLiga,Real Betis Balompié,Spain,LaLiga,FC Barcelona,14000000,2021
69,Roger Ibañez,Centre-Back,22,25000000,Italy,Serie A,Atalanta BC,Italy,Serie A,AS Roma,9000000,2021
70,Ozan Kabak,Centre-Back,21,25000000,Germany,2. Bundesliga,FC Schalke 04,England,Premier League,Norwich City,3000000,2021
71,Sardar Azmoun,Centre-Forward,27,25000000,Russia,Premier Liga,Zenit St. Petersburg,Germany,Bundesliga,Bayer 04 Leverkusen,2000000,2021
72,Pablo Sarabia,Right Winger,29,25000000,France,Ligue 1,Paris Saint-Germain,Portugal,Liga Bwin,Sporting CP,2000000,2021
73,Frank Anguissa,Central Midfield,25,25000000,England,Championship,Fulham FC,Italy,Serie A,SSC Napoli,600k,2021
74,Héctor Bellerín,Right-Back,26,25000000,England,Premier League,Arsenal FC,Spain,LaLiga,Real Betis Balompié,loan transfer,2021
75,Donny van de Beek,Central Midfield,24,25000000,England,Premier League,Manchester United,England,Premier League,Everton FC,loan transfer,2021
76,Dele Alli,Attacking Midfield,25,25000000,England,Premier League,Tottenham Hotspur,England,Premier League,Everton FC,free transfer,2021
77,Arnaut Danjuma,Left Winger,24,15000000,England,Championship,AFC Bournemouth,Spain,LaLiga,Villarreal CF,23000000,2021
78,Vitaliy Mykolenko,Left-Back,22,17000000,Ukraine,Premier Liga,Dynamo Kyiv,England,Premier League,Everton FC,23000000,2021
79,Marc Guéhi,Centre-Back,21,10000000,England,Premier League 2,Chelsea FC U23,England,Premier League,Crystal Palace,23000000,2021
80,Enock Mwepu,Central Midfield,23,13000000,Austria,Bundesliga,Red Bull Salzburg,England,Premier League,Brighton & Hove Albion,23000000,2021
81,Odilon Kossounou,Centre-Back,20,13000000,Belgium,Jupiler Pro League,Club Brugge KV,Germany,Bundesliga,Bayer 04 Leverkusen,23000000,2021
82,Nicolás González,Left Winger,23,22000000,Germany,Bundesliga,VfB Stuttgart,Italy,Serie A,ACF Fiorentina,24000000,2021
83,Joachim Andersen,Centre-Back,25,22000000,France,Ligue 1,Olympique Lyon,England,Premier League,Crystal Palace,17000000,2021
84,Jonathan Ikoné,Right Winger,23,22000000,France,Ligue 1,LOSC Lille,Italy,Serie A,ACF Fiorentina,14000000,2021
85,Noa Lang,Left Winger,22,22000000,Netherlands,Eredivisie,Ajax Amsterdam,Belgium,Jupiler Pro League,Club Brugge KV,6000000,2021
86,Trincão,Right Winger,21,22000000,Spain,LaLiga,FC Barcelona,England,Premier League,Wolverhampton Wanderers,6000000,2021
87,Tecatito,Right Winger,29,22000000,Portugal,Liga Bwin,FC Porto,Spain,LaLiga,Sevilla FC,3000000,2021
88,Giovani Lo Celso,Central Midfield,25,22000000,England,Premier League,Tottenham Hotspur,Spain,LaLiga,Villarreal CF,loan transfer,2021
89,Julián Álvarez,Centre-Forward,22,20000000,Argentina,Liga Profesional,CA River Plate,England,Premier League,Manchester City,21000000,2021
90,Gerson,Central Midfield,24,20000000,Brazil,Série A,CR Flamengo,France,Ligue 1,Olympique Marseille,20000000,2021
91,Juan Musso,Goalkeeper,27,20000000,Italy,Serie A,Udinese Calcio,Italy,Serie A,Atalanta BC,20000000,2021
92,Jhon Córdoba,Centre-Forward,28,15000000,Germany,Bundesliga,Hertha BSC,Russia,Premier Liga,FK Krasnodar,20000000,2021
93,Takehiro Tomiyasu,Right-Back,22,20000000,Italy,Serie A,Bologna FC 1909,England,Premier League,Arsenal FC,18000000,2021
94,Marc Cucurella,Left-Back,23,20000000,Spain,LaLiga,Getafe CF,England,Premier League,Brighton & Hove Albion,18000000,2021
95,Wout Weghorst,Centre-Forward,29,20000000,Germany,Bundesliga,VfL Wolfsburg,England,Premier League,Burnley FC,17000000,2021
96,Hamed Junior Traorè,Attacking Midfield,21,20000000,Italy,Serie A,FC Empoli,Italy,Serie A,US Sassuolo,16000000,2021
97,Danilo Pereira,Defensive Midfield,29,20000000,Portugal,Liga Bwin,FC Porto,France,Ligue 1,Paris Saint-Germain,16000000,2021
98,Thiago Almada,Attacking Midfield,20,20000000,Argentina,Liga Profesional,CA Vélez Sarsfield,United States,MLS,Atlanta United FC,14000000,2021
99,Musa Barrow,Left Winger,22,20000000,Italy,Serie A,Atalanta BC,Italy,Serie A,Bologna FC 1909,14000000,2021
100,David Neres,Right Winger,24,20000000,Netherlands,Eredivisie,Ajax Amsterdam,Ukraine,Premier Liga,Shakhtar Donetsk,12000000,2021
101,Tiemoué Bakayoko,Defensive Midfield,27,20000000,England,Premier League,Chelsea FC,Italy,Serie A,AC Milan,3000000,2021
102,Lucas Torreira,Defensive Midfield,25,20000000,England,Premier League,Arsenal FC,Italy,Serie A,ACF Fiorentina,1000000,2021
103,Eric García,Centre-Back,20,20000000,England,Premier League,Manchester City,Spain,LaLiga,FC Barcelona,free transfer,2021
104,Mattéo Guendouzi,Central Midfield,22,20000000,England,Premier League,Arsenal FC,France,Ligue 1,Olympique Marseille,loan transfer,2021
105,Miralem Pjanic,Central Midfield,31,20000000,Spain,LaLiga,FC Barcelona,Turkey,Süper Lig,Besiktas JK,loan transfer,2021
106,Jérémie Boga,Left Winger,25,20000000,Italy,Serie A,US Sassuolo,Italy,Serie A,Atalanta BC,loan transfer,2021
107,Ilaix Moriba,Central Midfield,19,20000000,Germany,Bundesliga,RB Leipzig,Spain,LaLiga,Valencia CF,loan transfer,2021
108,Julián Álvarez,Centre-Forward,22,20000000,England,Premier League,Manchester City,Argentina,Liga Profesional,CA River Plate,loan transfer,2021
109,Todd Cantwell,Left Midfield,23,20000000,England,Premier League,Norwich City,England,Championship,AFC Bournemouth,loan transfer,2021
110,Josko Gvardiol,Centre-Back,19,19000000,Croatia,1. HNL,GNK Dinamo Zagreb,Germany,Bundesliga,RB Leipzig,18000000,2021
111,Pedrinho,Right Winger,23,15000000,Portugal,Liga Bwin,SL Benfica,Ukraine,Premier Liga,Shakhtar Donetsk,18000000,2021
112,Eldor Shomurodov,Centre-Forward,26,7000000,Italy,Serie A,Genoa CFC,Italy,Serie A,AS Roma,18000000,2021
113,Matheus Pereira,Attacking Midfield,25,15000000,England,Championship,West Bromwich Albion,Saudi Arabia,Saudi Pro League,Al-Hilal Saudi FC,18000000,2021
114,Adam Armstrong,Centre-Forward,24,18000000,England,Championship,Blackburn Rovers,England,Premier League,Southampton FC,17000000,2021
115,Jannik Vestergaard,Centre-Back,29,18000000,England,Premier League,Southampton FC,England,Premier League,Leicester City,17000000,2021
116,Mohamed Simakan,Centre-Back,21,18000000,France,Ligue 1,RC Strasbourg Alsace,Germany,Bundesliga,RB Leipzig,15000000,2021
117,Kieran Trippier,Right-Back,31,18000000,Spain,LaLiga,Atlético de Madrid,England,Premier League,Newcastle United,14000000,2021
118,Rayan Aït-Nouri,Left-Back,20,18000000,France,Ligue 1,Angers SCO,England,Premier League,Wolverhampton Wanderers,11000000,2021
119,Carlos Vinícius,Centre-Forward,26,18000000,Portugal,Liga Bwin,SL Benfica,Netherlands,Eredivisie,PSV Eindhoven,2000000,2021
120,Dennis Praet,Central Midfield,27,18000000,England,Premier League,Leicester City,Italy,Serie A,Torino FC,1000000,2021
121,Cengiz Ünder,Right Winger,23,18000000,Italy,Serie A,AS Roma,France,Ligue 1,Olympique Marseille,500k,2021
122,Sergio Agüero,Centre-Forward,33,18000000,England,Premier League,Manchester City,Spain,LaLiga,FC Barcelona,free transfer,2021
123,William Saliba,Centre-Back,20,18000000,England,Premier League,Arsenal FC,France,Ligue 1,Olympique Marseille,loan transfer,2021
124,Willian José,Centre-Forward,29,18000000,Spain,LaLiga,Real Sociedad,Spain,LaLiga,Real Betis Balompié,loan transfer,2021
125,Yangel Herrera,Central Midfield,23,18000000,England,Premier League,Manchester City,Spain,LaLiga,RCD Espanyol Barcelona,loan transfer,2021
126,Diego Rossi,Left Winger,23,18000000,United States,MLS,Los Angeles FC,Turkey,Süper Lig,Fenerbahce,loan transfer,2021
127,Philippe Coutinho,Left Winger,29,18000000,Spain,LaLiga,FC Barcelona,England,Premier League,Aston Villa,loan transfer,2021
128,Amad Diallo,Right Winger,19,18000000,England,Premier League,Manchester United,Scotland,Premiership,Rangers FC,loan transfer,2021
129,Albert Sambi Lokonga,Central Midfield,21,12000000,Belgium,Jupiler Pro League,RSC Anderlecht,England,Premier League,Arsenal FC,17000000,2021
130,Roman Yaremchuk,Centre-Forward,25,17000000,Belgium,Jupiler Pro League,KAA Gent,Portugal,Liga Bwin,SL Benfica,17000000,2021
131,Loïc Badé,Centre-Back,21,12000000,France,Ligue 1,RC Lens,France,Ligue 1,Stade Rennais FC,17000000,2021
132,Kamaldeen Sulemana,Left Winger,19,9000000,Denmark,Superligaen Relegation round,FC Nordsjaelland,France,Ligue 1,Stade Rennais FC,17000000,2021
133,Myron Boadu,Centre-Forward,20,14000000,Netherlands,Eredivisie,AZ Alkmaar,Monaco,Ligue 1,AS Monaco,17000000,2021
134,Odsonne Edouard,Centre-Forward,23,17000000,Scotland,Premiership,Celtic FC,England,Premier League,Crystal Palace,16000000,2021
135,Harry Wilson,Right Winger,24,17000000,England,Premier League,Liverpool FC,England,Championship,Fulham FC,14000000,2021
136,Gonzalo Montiel,Right-Back,24,17000000,Argentina,Liga Profesional,CA River Plate,Spain,LaLiga,Sevilla FC,11000000,2021
137,Alphonse Areola,Goalkeeper,28,17000000,France,Ligue 1,Paris Saint-Germain,England,Premier League,West Ham United,2000000,2021
138,Florian Thauvin,Right Winger,28,17000000,France,Ligue 1,Olympique Marseille,Mexico,Liga MX Clausura,Tigres UANL,free transfer,2021
139,Rafael Borré,Centre-Forward,25,17000000,Argentina,Liga Profesional,CA River Plate,Germany,Bundesliga,Eintracht Frankfurt,free transfer,2021
140,Pierluigi Gollini,Goalkeeper,26,17000000,Italy,Serie A,Atalanta BC,England,Premier League,Tottenham Hotspur,loan transfer,2021
141,Matt Targett,Left-Back,26,17000000,England,Premier League,Aston Villa,England,Premier League,Newcastle United,loan transfer,2021
142,Pape Matar Sarr,Central Midfield,18,10000000,France,Ligue 1,FC Metz,England,Premier League,Tottenham Hotspur,16000000,2021
143,Teun Koopmeiners,Defensive Midfield,23,16000000,Netherlands,Eredivisie,AZ Alkmaar,Italy,Serie A,Atalanta BC,14000000,2021
144,Ricardo Pepi,Centre-Forward,18,8000000,United States,MLS,FC Dallas,Germany,Bundesliga,FC Augsburg,16000000,2021
145,Rafa Mir,Centre-Forward,24,12000000,England,Premier League,Wolverhampton Wanderers,Spain,LaLiga,Sevilla FC,16000000,2021
146,Denzel Dumfries,Right Midfield,25,16000000,Netherlands,Eredivisie,PSV Eindhoven,Italy,Serie A,Inter Milan,14000000,2021
147,Andy Delort,Centre-Forward,29,16000000,France,Ligue 1,Montpellier HSC,France,Ligue 1,OGC Nice,10000000,2021
148,Khvicha Kvaratskhelia,Left Winger,21,16000000,Russia,Premier Liga,Rubin Kazan,Georgia,Crystalbet Erovnuli Liga,Dinamo Batumi,8000000,2021
149,Patrick de Paula,Central Midfield,22,16000000,Brazil,Série A,Sociedade Esportiva Palmeiras,Brazil,Série A,Botafogo de Futebol e Regatas,6000000,2021
150,Alexander Sörloth,Centre-Forward,25,16000000,Germany,Bundesliga,RB Leipzig,Spain,LaLiga,Real Sociedad,2000000,2021
151,Erik Lamela,Right Winger,29,16000000,England,Premier League,Tottenham Hotspur,Spain,LaLiga,Sevilla FC,free transfer,2021
152,Kristoffer Ajer,Centre-Back,23,7000000,Scotland,Premiership,Celtic FC,England,Premier League,Brentford FC,15000000,2021
153,Pepê,Left Winger,24,13000000,Brazil,Série A,Grêmio Foot-Ball Porto Alegrense,Portugal,Liga Bwin,FC Porto,15000000,2021
154,Arthur Cabral,Centre-Forward,23,15000000,Switzerland,Super League,FC Basel 1893,Italy,Serie A,ACF Fiorentina,15000000,2021
155,Gregor Kobel,Goalkeeper,23,13000000,Germany,Bundesliga,VfB Stuttgart,Germany,Bundesliga,Borussia Dortmund,15000000,2021
156,Gaëtan Laborde,Centre-Forward,27,15000000,France,Ligue 1,Montpellier HSC,France,Ligue 1,Stade Rennais FC,15000000,2021
157,Junior Firpo,Left-Back,24,8000000,Spain,LaLiga,FC Barcelona,England,Premier League,Leeds United,15000000,2021
158,Calvin Stengs,Right Winger,22,14000000,Netherlands,Eredivisie,AZ Alkmaar,France,Ligue 1,OGC Nice,15000000,2021
159,Dan Burn,Centre-Back,29,3000000,England,Premier League,Brighton & Hove Albion,England,Premier League,Newcastle United,15000000,2021
160,Romain Faivre,Right Midfield,23,15000000,France,Ligue 1,Stade Brestois 29,France,Ligue 1,Olympique Lyon,15000000,2021
161,Juan Foyth,Right-Back,23,12000000,England,Premier League,Tottenham Hotspur,Spain,LaLiga,Villarreal CF,15000000,2021
162,Maxwel Cornet,Left Winger,24,12000000,France,Ligue 1,Olympique Lyon,England,Premier League,Burnley FC,15000000,2021
163,Benjamin Henrichs,Right-Back,24,12000000,Monaco,Ligue 1,AS Monaco,Germany,Bundesliga,RB Leipzig,15000000,2021
164,Baptiste Santamaria,Central Midfield,26,15000000,Germany,Bundesliga,SC Freiburg,France,Ligue 1,Stade Rennais FC,14000000,2021
165,Jack Harrison,Left Winger,24,15000000,England,Premier League,Manchester City,England,Premier League,Leeds United,12000000,2021
166,Luca Waldschmidt,Second Striker,25,15000000,Portugal,Liga Bwin,SL Benfica,Germany,Bundesliga,VfL Wolfsburg,12000000,2021
167,Razvan Marin,Central Midfield,25,15000000,Netherlands,Eredivisie,Ajax Amsterdam,Italy,Serie A,Cagliari Calcio,10000000,2021
168,Michael Olise,Right Winger,19,15000000,England,Championship,Reading FC,England,Premier League,Crystal Palace,9000000,2021
169,Thomas Delaney,Central Midfield,29,15000000,Germany,Bundesliga,Borussia Dortmund,Spain,LaLiga,Sevilla FC,6000000,2021
170,Carles Aleñá,Central Midfield,23,15000000,Spain,LaLiga,FC Barcelona,Spain,LaLiga,Getafe CF,5000000,2021
171,Matheus Henrique,Central Midfield,23,15000000,Brazil,Série A,Grêmio Foot-Ball Porto Alegrense,Italy,Serie A,US Sassuolo,4000000,2021
172,Grzegorz Krychowiak,Defensive Midfield,31,15000000,Russia,Premier Liga,Lokomotiv Moscow,Russia,Premier Liga,FK Krasnodar,4000000,2021
173,Brahim Díaz,Attacking Midfield,21,15000000,Spain,LaLiga,Real Madrid,Italy,Serie A,AC Milan,3000000,2021
174,Sérgio Oliveira,Central Midfield,29,15000000,Portugal,Liga Bwin,FC Porto,Italy,Serie A,AS Roma,1000000,2021
175,Sérgio Oliveira,Central Midfield,29,15000000,Portugal,Liga Bwin,FC Porto,Italy,Serie A,AS Roma,1000000,2021
176,Yusuf Yazici,Attacking Midfield,24,15000000,France,Ligue 1,LOSC Lille,Russia,Premier Liga,CSKA Moscow,350k,2021
177,Mattia Zaccagni,Left Winger,26,15000000,Italy,Serie A,Hellas Verona,Italy,Serie A,SS Lazio,200k,2021
178,Conor Gallagher,Central Midfield,21,15000000,England,Premier League 2,Chelsea FC U23,England,Premier League,Crystal Palace,loan transfer,2021
179,Takefusa Kubo,Right Winger,20,15000000,Spain,LaLiga,Real Madrid,Spain,LaLiga,RCD Mallorca,loan transfer,2021
180,Ethan Ampadu,Centre-Back,20,15000000,England,Premier League,Chelsea FC,Italy,Serie A,Venezia FC,loan transfer,2021
181,Pierre-Emerick Aubameyang,Centre-Forward,32,15000000,England,Premier League,Arsenal FC,Spain,LaLiga,FC Barcelona,free transfer,2021
182,Nathan Collins,Centre-Back,20,8000000,England,Championship,Stoke City,England,Premier League,Burnley FC,14000000,2021
183,Nathan Patterson,Right-Back,20,3000000,Scotland,Premiership,Rangers FC,England,Premier League,Everton FC,14000000,2021
184,Boulaye Dia,Centre-Forward,24,14000000,France,Ligue 1,Stade Reims,Spain,LaLiga,Villarreal CF,12000000,2021
185,Kayky,Right Winger,18,14000000,Brazil,Série A,Fluminense Football Club,England,Premier League 2,Manchester City U23,10000000,2021
186,Antonin Barak,Attacking Midfield,26,14000000,Italy,Serie A,Udinese Calcio,Italy,Serie A,Hellas Verona,6000000,2021
187,Emerson,Left-Back,27,14000000,England,Premier League,Chelsea FC,France,Ligue 1,Olympique Lyon,500k,2021
188,Justin Kluivert,Left Winger,22,14000000,Italy,Serie A,AS Roma,France,Ligue 1,OGC Nice,loan transfer,2021
189,Sebastiaan Bornauw,Centre-Back,22,12000000,Germany,Bundesliga,1. FC Köln,Germany,Bundesliga,VfL Wolfsburg,13000000,2021
190,Toby Alderweireld,Centre-Back,32,11000000,England,Premier League,Tottenham Hotspur,Qatar,Stars League,Al-Duhail SC,13000000,2021
191,Matías Viña,Left-Back,23,5000000,Brazil,Série A,Sociedade Esportiva Palmeiras,Italy,Serie A,AS Roma,13000000,2021
192,Lovro Majer,Attacking Midfield,23,13000000,Croatia,1. HNL,GNK Dinamo Zagreb,France,Ligue 1,Stade Rennais FC,12000000,2021
193,Marcus Edwards,Right Winger,23,13000000,Portugal,Liga Bwin,Vitória Guimarães SC,Portugal,Liga Bwin,Sporting CP,7000000,2021
194,Mathias Normann,Defensive Midfield,25,13000000,Russia,Premier Liga,FK Rostov,England,Premier League,Norwich City,2000000,2021
195,Alessandro Florenzi,Right-Back,30,13000000,Italy,Serie A,AS Roma,Italy,Serie A,AC Milan,1000000,2021
196,Elseid Hysaj,Right-Back,27,13000000,Italy,Serie A,SSC Napoli,Italy,Serie A,SS Lazio,free transfer,2021
197,Wesley Moraes,Centre-Forward,24,13000000,England,Premier League,Aston Villa,Belgium,Jupiler Pro League,Club Brugge KV,loan transfer,2021
198,Dodi Lukébakio,Right Winger,23,13000000,Germany,Bundesliga,Hertha BSC,Germany,Bundesliga,VfL Wolfsburg,loan transfer,2021
199,Amadou Onana,Defensive Midfield,19,3000000,Germany,2. Bundesliga,Hamburger SV,France,Ligue 1,LOSC Lille,12000000,2021
200,Zinho Vanheusden,Centre-Back,21,12000000,Belgium,Jupiler Pro League,Standard Liège,Italy,Serie A,Inter Milan,16000000,2021
201,Marlon,Centre-Back,25,6000000,Italy,Serie A,US Sassuolo,Ukraine,Premier Liga,Shakhtar Donetsk,12000000,2021
202,Romain Perraud,Left-Back,23,8000000,France,Ligue 1,Stade Brestois 29,England,Premier League,Southampton FC,12000000,2021
203,Claudinho,Attacking Midfield,24,11000000,Brazil,Série A,Red Bull Bragantino,Russia,Premier Liga,Zenit St. Petersburg,12000000,2021
204,Mohamed Daramy,Left Winger,19,4000000,Denmark,Superligaen,FC Copenhagen,Netherlands,Eredivisie,Ajax Amsterdam,12000000,2021
205,Jonas Wind,Centre-Forward,22,7000000,Denmark,Superligaen,FC Copenhagen,Germany,Bundesliga,VfL Wolfsburg,12000000,2021
206,Christos Tzolis,Left Winger,19,12000000,Greece,Super League 1,PAOK Thessaloniki,England,Premier League,Norwich City,11000000,2021
207,Imrân Louza,Central Midfield,22,12000000,France,Ligue 1,FC Nantes,England,Premier League,Watford FC,10000000,2021
208,Galeno,Left Winger,24,12000000,Portugal,Liga Bwin,SC Braga,Portugal,Liga Bwin,FC Porto,9000000,2021
209,Jean-Clair Todibo,Centre-Back,21,12000000,Spain,LaLiga,FC Barcelona,France,Ligue 1,OGC Nice,8000000,2021
210,Lukas Nmecha,Centre-Forward,22,12000000,England,Premier League,Manchester City,Germany,Bundesliga,VfL Wolfsburg,8000000,2021
211,Alan Velasco,Left Winger,19,12000000,Argentina,Liga Profesional,CA Independiente,United States,MLS,FC Dallas,6000000,2021
212,Xherdan Shaqiri,Attacking Midfield,29,12000000,England,Premier League,Liverpool FC,France,Ligue 1,Olympique Lyon,6000000,2021
213,Steven Berghuis,Attacking Midfield,29,12000000,Netherlands,Eredivisie,Feyenoord Rotterdam,Netherlands,Eredivisie,Ajax Amsterdam,5000000,2021
214,Faitout Maouassa,Left-Back,23,12000000,France,Ligue 1,Stade Rennais FC,Belgium,Jupiler Pro League,Club Brugge KV,4000000,2021
215,Rachid Ghezzal,Right Winger,29,12000000,England,Premier League,Leicester City,Turkey,Süper Lig,Besiktas JK,3000000,2021
216,Kaio Jorge,Centre-Forward,19,12000000,Brazil,Série A,Santos FC,Italy,Serie A,Juventus FC,3000000,2021
217,Mohamed Ihattaren,Attacking Midfield,19,12000000,Netherlands,Eredivisie,PSV Eindhoven,Italy,Serie A,Juventus FC,1000000,2021
218,Bernard,Attacking Midfield,28,12000000,England,Premier League,Everton FC,United Arab Emirates,UAE Pro League,Sharjah FC,1000000,2021
219,Josip Brekalo,Left Winger,23,12000000,Germany,Bundesliga,VfL Wolfsburg,Italy,Serie A,Torino FC,1000000,2021
220,Samuele Ricci,Defensive Midfield,20,12000000,Italy,Serie A,FC Empoli,Italy,Serie A,Torino FC,1000000,2021
221,Ainsley Maitland-Niles,Right Midfield,24,12000000,England,Premier League,Arsenal FC,Italy,Serie A,AS Roma,500k,2021
222,Rui Silva,Goalkeeper,27,12000000,Spain,LaLiga,Granada CF,Spain,LaLiga,Real Betis Balompié,free transfer,2021
223,João Mário,Central Midfield,28,12000000,Italy,Serie A,Inter Milan,Portugal,Liga Bwin,SL Benfica,free transfer,2021
224,Zinho Vanheusden,Centre-Back,21,12000000,Italy,Serie A,Inter Milan,Italy,Serie A,Genoa CFC,loan transfer,2021
225,Andrea Pinamonti,Centre-Forward,22,12000000,Italy,Serie A,Inter Milan,Italy,Serie A,FC Empoli,loan transfer,2021
226,Unai López,Central Midfield,25,12000000,Spain,LaLiga,Athletic Bilbao,Spain,LaLiga,Rayo Vallecano,loan transfer,2021
227,Mohamed Ihattaren,Attacking Midfield,19,12000000,Italy,Serie A,Juventus FC,Italy,Serie A,UC Sampdoria,loan transfer,2021
228,Rafinha,Attacking Midfield,28,12000000,France,Ligue 1,Paris Saint-Germain,Spain,LaLiga,Real Sociedad,loan transfer,2021
229,Cédric Bakambu,Centre-Forward,30,12000000,China,Super League,Beijing Guoan,France,Ligue 1,Olympique Marseille,free transfer,2021
230,Calum Chambers,Centre-Back,27,12000000,England,Premier League,Arsenal FC,England,Premier League,Aston Villa,free transfer,2021
231,Rui Patrício,Goalkeeper,33,10000000,England,Premier League,Wolverhampton Wanderers,Italy,Serie A,AS Roma,11000000,2021
232,Milot Rashica,Right Winger,25,9000000,Germany,2. Bundesliga,SV Werder Bremen,England,Premier League,Norwich City,11000000,2021
233,Leonardo Balerdi,Centre-Back,22,8000000,Germany,Bundesliga,Borussia Dortmund,France,Ligue 1,Olympique Marseille,11000000,2021
234,Jean Lucas,Central Midfield,23,4000000,France,Ligue 1,Olympique Lyon,Monaco,Ligue 1,AS Monaco,11000000,2021
235,Vanderson,Right-Back,20,8000000,Brazil,Série B,Grêmio Foot-Ball Porto Alegrense,Monaco,Ligue 1,AS Monaco,11000000,2021
236,Kacper Kozlowski,Central Midfield,18,10000000,Poland,Ekstraklasa,Pogon Szczecin,England,Premier League,Brighton & Hove Albion,11000000,2021
237,Jean-Philippe Mateta,Centre-Forward,24,5000000,Germany,Bundesliga,1.FSV Mainz 05,England,Premier League,Crystal Palace,11000000,2021
238,Abdallah Sima,Right Winger,20,11000000,Czech Republic,Fortuna Liga,SK Slavia Prague,England,Premier League,Brighton & Hove Albion,8000000,2021
239,Jakub Jankto,Left Midfield,25,11000000,Italy,Serie A,UC Sampdoria,Spain,LaLiga,Getafe CF,6000000,2021
240,Giovanni Simeone,Centre-Forward,26,11000000,Italy,Serie A,Cagliari Calcio,Italy,Serie A,Hellas Verona,1000000,2021
241,Ozan Tufan,Central Midfield,26,11000000,Turkey,Süper Lig,Fenerbahce,England,Premier League,Watford FC,1000000,2021
242,Samuel Gigot,Centre-Back,28,11000000,Russia,Premier Liga,Spartak Moscow,France,Ligue 1,Olympique Marseille,500k,2021
243,Hee-chan Hwang,Centre-Forward,25,11000000,Germany,Bundesliga,RB Leipzig,England,Premier League,Wolverhampton Wanderers,loan transfer,2021
244,Abdallah Sima,Right Winger,20,11000000,England,Premier League,Brighton & Hove Albion,England,Championship,Stoke City,loan transfer,2021
245,Ademola Lookman,Second Striker,23,11000000,Germany,Bundesliga,RB Leipzig,England,Premier League,Leicester City,loan transfer,2021
246,Nadiem Amiri,Central Midfield,25,11000000,Germany,Bundesliga,Bayer 04 Leverkusen,Italy,Serie A,Genoa CFC,loan transfer,2021
247,Samuel Gigot,Centre-Back,28,11000000,France,Ligue 1,Olympique Marseille,Russia,Premier Liga,Spartak Moscow,loan transfer,2021
248,Jordan Larsson,Right Winger,24,11000000,Russia,Premier Liga,Spartak Moscow,Sweden,Allsvenskan,AIK Solna,loan transfer,2021
249,Luiz Araújo,Right Winger,25,10000000,France,Ligue 1,LOSC Lille,United States,MLS,Atlanta United FC,10000000,2021
250,Diego Valdés,Attacking Midfield,27,6000000,Mexico,Liga MX Clausura,Santos Laguna,Mexico,Liga MX Clausura,CF América,10000000,2021
251,Lautaro Valenti,Centre-Back,22,4000000,Argentina,Liga Profesional,Club Atlético Lanús,Italy,Serie B,Parma Calcio 1913,10000000,2021
252,Igor Coronado,Attacking Midfield,28,5000000,United Arab Emirates,UAE Pro League,Sharjah FC,Saudi Arabia,Saudi Pro League,Al-Ittihad Club (Jeddah),10000000,2021
253,Lassina Traoré,Centre-Forward,20,6000000,Netherlands,Eredivisie,Ajax Amsterdam,Ukraine,Premier Liga,Shakhtar Donetsk,10000000,2021
254,Frank Onyeka,Central Midfield,23,6000000,Denmark,Superligaen,FC Midtjylland,England,Premier League,Brentford FC,10000000,2021
255,Yoane Wissa,Left Winger,24,10000000,France,Ligue 1,FC Lorient,England,Premier League,Brentford FC,10000000,2021
256,Jens Cajuste,Defensive Midfield,22,5000000,Denmark,Superligaen,FC Midtjylland,France,Ligue 1,Stade Reims,10000000,2021
257,Daryl Dike,Centre-Forward,21,10000000,United States,MLS,Orlando City SC,England,Championship,West Bromwich Albion,8000000,2021
258,Talisca,Attacking Midfield,27,10000000,China,Super League,Guangzhou FC,Saudi Arabia,Saudi Pro League,Al-Nassr FC,8000000,2021
259,Alban Lafont,Goalkeeper,22,10000000,Italy,Serie A,ACF Fiorentina,France,Ligue 1,FC Nantes,7000000,2021
260,Mitchel Bakker,Left-Back,21,10000000,France,Ligue 1,Paris Saint-Germain,Germany,Bundesliga,Bayer 04 Leverkusen,7000000,2021
261,Marko Arnautovic,Centre-Forward,32,10000000,China,Super League,Shanghai Port,Italy,Serie A,Bologna FC 1909,6000000,2021
262,Mario Lemina,Defensive Midfield,27,10000000,England,Premier League,Southampton FC,France,Ligue 1,OGC Nice,5000000,2021
263,Ludwig Augustinsson,Left-Back,27,10000000,Germany,2. Bundesliga,SV Werder Bremen,Spain,LaLiga,Sevilla FC,5000000,2021
264,Marvin Friedrich,Centre-Back,26,10000000,Germany,Bundesliga,1.FC Union Berlin,Germany,Bundesliga,Borussia Mönchengladbach,5000000,2021
265,Alex Kral,Defensive Midfield,23,10000000,Russia,Premier Liga,Spartak Moscow,England,Premier League,West Ham United,5000000,2021
266,Mergim Berisha,Centre-Forward,23,10000000,Austria,Bundesliga,Red Bull Salzburg,Turkey,Süper Lig,Fenerbahce,5000000,2021
267,Esequiel Barco,Left Winger,22,10000000,United States,MLS,Atlanta United FC,Argentina,Liga Profesional,CA River Plate,4000000,2021
268,Moussa Sissoko,Central Midfield,32,10000000,England,Premier League,Tottenham Hotspur,England,Premier League,Watford FC,3000000,2021
269,Felipe Anderson,Right Winger,28,10000000,England,Premier League,West Ham United,Italy,Serie A,SS Lazio,3000000,2021
270,Reinildo Mandava,Left-Back,28,10000000,France,Ligue 1,LOSC Lille,Spain,LaLiga,Atlético de Madrid,3000000,2021
271,Carlos Rodríguez,Central Midfield,25,10000000,Mexico,Liga MX Clausura,CF Monterrey,Mexico,Liga MX Clausura,CD Cruz Azul,2000000,2021
272,Maxime López,Defensive Midfield,23,10000000,France,Ligue 1,Olympique Marseille,Italy,Serie A,US Sassuolo,2000000,2021
273,Pau López,Goalkeeper,26,10000000,Italy,Serie A,AS Roma,France,Ligue 1,Olympique Marseille,720k,2021
274,Kenedy,Left Winger,25,10000000,England,Premier League,Chelsea FC,Brazil,Série A,CR Flamengo,500k,2021
275,Borja Mayoral,Centre-Forward,24,10000000,Italy,Serie A,AS Roma,Spain,LaLiga,Getafe CF,500k,2021
276,Michy Batshuayi,Centre-Forward,27,10000000,England,Premier League,Chelsea FC,Turkey,Süper Lig,Besiktas JK,150k,2021
277,Moussa Marega,Right Winger,30,10000000,Portugal,Liga Bwin,FC Porto,Saudi Arabia,Saudi Pro League,Al-Hilal Saudi FC,free transfer,2021
278,Vincent Aboubakar,Centre-Forward,29,10000000,Turkey,Süper Lig,Besiktas JK,Saudi Arabia,Saudi Pro League,Al-Nassr FC,free transfer,2021
279,Sergio Ramos,Centre-Back,35,10000000,Spain,LaLiga,Real Madrid,France,Ligue 1,Paris Saint-Germain,free transfer,2021
280,Billy Gilmour,Central Midfield,20,10000000,England,Premier League,Chelsea FC,England,Premier League,Norwich City,loan transfer,2021
281,José Juan Macías,Centre-Forward,21,10000000,Mexico,Liga MX Clausura,Deportivo Guadalajara,Spain,LaLiga,Getafe CF,loan transfer,2021
282,Benjamin Lecomte,Goalkeeper,30,10000000,Monaco,Ligue 1,AS Monaco,Spain,LaLiga,Atlético de Madrid,loan transfer,2021
283,Brandon Williams,Left-Back,20,10000000,England,Premier League,Manchester United,England,Premier League,Norwich City,loan transfer,2021
284,Pape Matar Sarr,Central Midfield,18,10000000,England,Premier League,Tottenham Hotspur,France,Ligue 1,FC Metz,loan transfer,2021
285,Álvaro Odriozola,Right-Back,25,10000000,Spain,LaLiga,Real Madrid,Italy,Serie A,ACF Fiorentina,loan transfer,2021
286,Kang-in Lee,Attacking Midfield,20,10000000,Spain,LaLiga,Valencia CF,Spain,LaLiga,RCD Mallorca,free transfer,2021
287,Florentino,Defensive Midfield,22,10000000,Portugal,Liga Bwin,SL Benfica,Spain,LaLiga,Getafe CF,loan transfer,2021
288,Valentino Lazaro,Right-Back,25,10000000,Italy,Serie A,Inter Milan,Portugal,Liga Bwin,SL Benfica,loan transfer,2021
289,Arnaud Kalimuendo,Centre-Forward,19,10000000,France,Ligue 1,Paris Saint-Germain,France,Ligue 1,RC Lens,loan transfer,2021
290,Nikola Maksimovic,Centre-Back,29,10000000,Italy,Serie A,SSC Napoli,Italy,Serie A,Genoa CFC,free transfer,2021
291,Diogo Leite,Centre-Back,22,10000000,Portugal,Liga Bwin,FC Porto,Portugal,Liga Bwin,SC Braga,loan transfer,2021
292,Hélder Costa,Right Winger,27,10000000,England,Premier League,Leeds United,Spain,LaLiga,Valencia CF,loan transfer,2021
293,Luuk de Jong,Centre-Forward,31,10000000,Spain,LaLiga,Sevilla FC,Spain,LaLiga,FC Barcelona,loan transfer,2021
294,Amine Harit,Attacking Midfield,24,10000000,Germany,2. Bundesliga,FC Schalke 04,France,Ligue 1,Olympique Marseille,loan transfer,2021
295,Kacper Kozlowski,Central Midfield,18,10000000,England,Premier League,Brighton & Hove Albion,Belgium,Jupiler Pro League,Royale Union Saint Gilloise,loan transfer,2021
296,Paul Bernardoni,Goalkeeper,24,10000000,France,Ligue 1,Angers SCO,France,Ligue 1,AS Saint-Étienne,loan transfer,2021
297,Krzysztof Piatek,Centre-Forward,26,10000000,Germany,Bundesliga,Hertha BSC,Italy,Serie A,ACF Fiorentina,loan transfer,2021
298,Gonzalo Villar,Central Midfield,23,10000000,Italy,Serie A,AS Roma,Spain,LaLiga,Getafe CF,loan transfer,2021
299,Anwar El Ghazi,Right Winger,26,10000000,England,Premier League,Aston Villa,England,Premier League,Everton FC,loan transfer,2021
300,Óscar Rodríguez,Attacking Midfield,23,10000000,Spain,LaLiga,Sevilla FC,Spain,LaLiga,Getafe CF,loan transfer,2021
301,Freddie Woodman,Goalkeeper,24,10000000,England,Premier League,Newcastle United,England,Championship,AFC Bournemouth,loan transfer,2021
302,Mahmoud Trezeguet,Left Winger,27,10000000,England,Premier League,Aston Villa,Turkey,Süper Lig,Basaksehir FK,loan transfer,2021
303,Jean-Philippe Gbamin,Defensive Midfield,26,10000000,England,Premier League,Everton FC,Russia,Premier Liga,CSKA Moscow,loan transfer,2021
304,Hannes Wolf,Left Winger,22,8000000,Germany,Bundesliga,RB Leipzig,Germany,Bundesliga,Borussia Mönchengladbach,9000000,2021
305,Josh Sargent,Centre-Forward,21,8000000,Germany,2. Bundesliga,SV Werder Bremen,England,Premier League,Norwich City,9000000,2021
306,Jens Petter Hauge,Right Winger,21,9000000,Italy,Serie A,AC Milan,Germany,Bundesliga,Eintracht Frankfurt,2000000,2021
307,Paulinho,Central Midfield,32,9000000,China,Super League,Guangzhou FC,Saudi Arabia,Saudi Pro League,Al-Ahli Saudi FC,free transfer,2021
308,Ben Gibson,Centre-Back,28,7000000,England,Premier League,Burnley FC,England,Premier League,Norwich City,9000000,2021
309,Pol Lirola,Right-Back,24,9000000,Italy,Serie A,ACF Fiorentina,France,Ligue 1,Olympique Marseille,13000000,2021
310,Kamal Sowah,Right Winger,21,3000000,England,Premier League 2,Leicester City U21,Belgium,Jupiler Pro League,Club Brugge KV,9000000,2021
311,Yacine Adli,Attacking Midfield,21,9000000,France,Ligue 1,FC Girondins Bordeaux,Italy,Serie A,AC Milan,8000000,2021
312,Ante Budimir,Centre-Forward,29,9000000,Spain,LaLiga,RCD Mallorca,Spain,LaLiga,CA Osasuna,8000000,2021
313,Suat Serdar,Central Midfield,24,9000000,Germany,2. Bundesliga,FC Schalke 04,Germany,Bundesliga,Hertha BSC,8000000,2021
314,Toma Basic,Central Midfield,24,9000000,France,Ligue 1,FC Girondins Bordeaux,Italy,Serie A,SS Lazio,7000000,2021
315,Fábio Martins,Left Winger,28,9000000,Portugal,Liga Bwin,SC Braga,United Arab Emirates,UAE Pro League,Al-Wahda FC Abu Dhabi,3000000,2021
316,Marco Silvestri,Goalkeeper,30,9000000,Italy,Serie A,Hellas Verona,Italy,Serie A,Udinese Calcio,2000000,2021
317,Marcos Paulo,Left Winger,20,9000000,Brazil,Série A,Fluminense Football Club,Spain,LaLiga,Atlético de Madrid,free transfer,2021
318,Patrick Cutrone,Centre-Forward,23,9000000,England,Premier League,Wolverhampton Wanderers,Italy,Serie A,FC Empoli,loan transfer,2021
319,Marcos Paulo,Left Winger,20,9000000,Spain,LaLiga,Atlético de Madrid,Portugal,Liga Bwin,FC Famalicão,loan transfer,2021
320,Loren Morón,Centre-Forward,27,9000000,Spain,LaLiga,Real Betis Balompié,Spain,LaLiga,RCD Espanyol Barcelona,loan transfer,2021
321,Willian,Left Winger,33,9000000,England,Premier League,Arsenal FC,Brazil,Série A,Sport Club Corinthians Paulista,free transfer,2021
322,Reiss Nelson,Right Winger,21,9000000,England,Premier League,Arsenal FC,Netherlands,Eredivisie,Feyenoord Rotterdam,loan transfer,2021
323,Yacine Adli,Attacking Midfield,21,9000000,Italy,Serie A,AC Milan,France,Ligue 1,FC Girondins Bordeaux,loan transfer,2021
324,Javairô Dilrosun,Left Winger,23,9000000,Germany,Bundesliga,Hertha BSC,France,Ligue 1,FC Girondins Bordeaux,loan transfer,2021
325,Orbelín Pineda,Central Midfield,25,9000000,Mexico,Liga MX Clausura,CD Cruz Azul,Spain,LaLiga,Celta de Vigo,free transfer,2021
326,Viktor Claesson,Left Winger,30,9000000,Russia,Premier Liga,FK Krasnodar,Denmark,Superligaen,FC Copenhagen,free transfer,2021
327,Renan,Centre-Back,19,9000000,Brazil,Série A,Sociedade Esportiva Palmeiras,Brazil,Série A,Red Bull Bragantino,loan transfer,2021
328,Taiwo Awoniyi,Centre-Forward,23,5000000,England,Premier League,Liverpool FC,Germany,Bundesliga,1.FC Union Berlin,8000000,2021
329,Marcos André,Centre-Forward,24,3000000,Spain,LaLiga SmartBank,Real Valladolid CF,Spain,LaLiga,Valencia CF,8000000,2021
330,Tajon Buchanan,Right Winger,22,8000000,United States,MLS,New England Revolution,Belgium,Jupiler Pro League,Club Brugge KV,6000000,2021
331,Aaron Boupendza,Centre-Forward,25,8000000,Turkey,Süper Lig,Hatayspor,Qatar,Stars League,Al-Arabi SC,4000000,2021
332,Christian Kouamé,Centre-Forward,23,8000000,Italy,Serie A,ACF Fiorentina,Belgium,Jupiler Pro League,RSC Anderlecht,1000000,2021
333,Fedor Chalov,Centre-Forward,23,8000000,Russia,Premier Liga,CSKA Moscow,Switzerland,Super League,FC Basel 1893,300k,2021
334,Marin Pongracic,Centre-Back,23,8000000,Germany,Bundesliga,VfL Wolfsburg,Germany,Bundesliga,Borussia Dortmund,loan transfer,2021
335,Eddie Salcedo,Centre-Forward,19,8000000,Italy,Serie A,Inter Milan,Italy,Serie A,Genoa CFC,loan transfer,2021
336,Jérôme Boateng,Centre-Back,32,8000000,Germany,Bundesliga,Bayern Munich,France,Ligue 1,Olympique Lyon,free transfer,2021
337,Erick Pulgar,Defensive Midfield,28,8000000,Italy,Serie A,ACF Fiorentina,Turkey,Süper Lig,Galatasaray,loan transfer,2021
338,Andreas Cornelius,Centre-Forward,28,6000000,Italy,Serie A,Atalanta BC,Italy,Serie B,Parma Calcio 1913,8000000,2021
339,Aster Vranckx,Central Midfield,18,6000000,Belgium,Jupiler Pro League,KV Mechelen,Germany,Bundesliga,VfL Wolfsburg,8000000,2021
340,Nuno Tavares,Left-Back,21,7000000,Portugal,Liga Bwin,SL Benfica,England,Premier League,Arsenal FC,8000000,2021
341,José Sá,Goalkeeper,28,7000000,Greece,Super League 1,Olympiacos Piraeus,England,Premier League,Wolverhampton Wanderers,8000000,2021
342,Matteo Lovato,Centre-Back,21,7000000,Italy,Serie A,Hellas Verona,Italy,Serie A,Atalanta BC,8000000,2021
343,Rodrigo Muniz,Centre-Forward,20,3000000,Brazil,Série A,CR Flamengo,England,Championship,Fulham FC,8000000,2021
344,Shamar Nicholson,Centre-Forward,24,6000000,Belgium,Jupiler Pro League,RSC Charleroi,Russia,Premier Liga,Spartak Moscow,8000000,2021
345,Júnior Alonso,Centre-Back,28,7000000,Brazil,Série A,Clube Atlético Mineiro,Russia,Premier Liga,FK Krasnodar,8000000,2021
346,Ivan Ilić,Central Midfield,20,8000000,England,Premier League 2,Manchester City U23,Italy,Serie A,Hellas Verona,7000000,2021
347,Niklas Dorsch,Defensive Midfield,23,8000000,Belgium,Jupiler Pro League,KAA Gent,Germany,Bundesliga,FC Augsburg,7000000,2021
348,Xherdan Shaqiri,Attacking Midfield,30,8000000,France,Ligue 1,Olympique Lyon,United States,MLS,Chicago Fire FC,7000000,2021
349,Piero Hincapié,Centre-Back,19,8000000,Argentina,Liga Profesional,Club Atlético Talleres,Germany,Bundesliga,Bayer 04 Leverkusen,6000000,2021
350,Davide Zappacosta,Right-Back,29,8000000,England,Premier League,Chelsea FC,Italy,Serie A,Atalanta BC,6000000,2021
351,Jonathan Rodríguez,Centre-Forward,28,8000000,Mexico,Liga MX Clausura,CD Cruz Azul,Saudi Arabia,Saudi Pro League,Al-Nassr FC,5000000,2021
352,Gaël Kakuta,Attacking Midfield,30,8000000,France,Ligue 2,Amiens SC,France,Ligue 1,RC Lens,5000000,2021
353,Florian Müller,Goalkeeper,23,8000000,Germany,Bundesliga,1.FSV Mainz 05,Germany,Bundesliga,VfB Stuttgart,5000000,2021
354,Esteban Andrada,Goalkeeper,30,8000000,Argentina,Liga Profesional,CA Boca Juniors,Mexico,Liga MX Clausura,CF Monterrey,5000000,2021
355,Pablo,Centre-Back,30,8000000,Russia,Premier Liga,Lokomotiv Moscow,Brazil,Série A,CR Flamengo,2000000,2021
356,Jefferson Savarino,Right Winger,25,8000000,Brazil,Série A,Clube Atlético Mineiro,United States,MLS,Real Salt Lake City,2000000,2021
357,Demarai Gray,Left Winger,25,8000000,Germany,Bundesliga,Bayer 04 Leverkusen,England,Premier League,Everton FC,2000000,2021
358,Andreas Pereira,Attacking Midfield,25,8000000,England,Premier League,Manchester United,Brazil,Série A,CR Flamengo,1000000,2021
359,Adolfo Gaich,Centre-Forward,22,8000000,Russia,Premier Liga,CSKA Moscow,Spain,LaLiga SmartBank,SD Huesca,600k,2021
360,Axel Tuanzebe,Centre-Back,24,8000000,England,Premier League,Manchester United,Italy,Serie A,SSC Napoli,600k,2021
361,Yusuf Demir,Right Winger,18,8000000,Austria,Bundesliga,Rapid Vienna,Spain,LaLiga,FC Barcelona,500k,2021
362,Simy,Centre-Forward,29,8000000,Italy,Serie B,FC Crotone,Italy,Serie A,US Salernitana 1919,500k,2021
363,Wanderson,Left Winger,27,8000000,Russia,Premier Liga,FK Krasnodar,Brazil,Série A,Sport Club Internacional,250k,2021
364,Ryan Bertrand,Left-Back,31,8000000,England,Premier League,Southampton FC,England,Premier League,Leicester City,free transfer,2021
365,Aïssa Mandi,Centre-Back,29,8000000,Spain,LaLiga,Real Betis Balompié,Spain,LaLiga,Villarreal CF,free transfer,2021
366,Davy Pröpper,Central Midfield,29,8000000,England,Premier League,Brighton & Hove Albion,Netherlands,Eredivisie,PSV Eindhoven,free transfer,2021
367,Marko Dmitrović,Goalkeeper,29,8000000,Spain,LaLiga SmartBank,SD Eibar,Spain,LaLiga,Sevilla FC,free transfer,2021
368,Joshua King,Centre-Forward,29,8000000,England,Premier League,Everton FC,England,Premier League,Watford FC,free transfer,2021
369,Joshua Zirkzee,Centre-Forward,20,8000000,Germany,Bundesliga,Bayern Munich,Belgium,Jupiler Pro League,RSC Anderlecht,loan transfer,2021
370,Axel Tuanzebe,Centre-Back,23,8000000,England,Premier League,Manchester United,England,Premier League,Aston Villa,loan transfer,2021
371,Manu Sánchez,Left-Back,20,8000000,Spain,LaLiga,Atlético de Madrid,Spain,LaLiga,CA Osasuna,loan transfer,2021
372,Keita Baldé,Centre-Forward,26,8000000,Monaco,Ligue 1,AS Monaco,Italy,Serie A,Cagliari Calcio,free transfer,2021
373,Steven Nzonzi,Defensive Midfield,32,8000000,Italy,Serie A,AS Roma,Qatar,Stars League,Al-Rayyan SC,free transfer,2021
374,Stefano Sensi,Central Midfield,26,8000000,Italy,Serie A,Inter Milan,Italy,Serie A,UC Sampdoria,loan transfer,2021
375,Lys Mousset,Centre-Forward,25,8000000,England,Championship,Sheffield United,Italy,Serie A,US Salernitana 1919,loan transfer,2021
376,Nathaniel Phillips,Centre-Back,24,8000000,England,Premier League,Liverpool FC,England,Championship,AFC Bournemouth,loan transfer,2021
377,Neco Williams,Right-Back,20,8000000,England,Premier League,Liverpool FC,England,Championship,Fulham FC,loan transfer,2021
378,Gedson Fernandes,Central Midfield,23,8000000,Portugal,Liga Bwin,SL Benfica,Turkey,Süper Lig,Caykur Rizespor,loan transfer,2021
379,Pizzi,Attacking Midfield,32,8000000,Portugal,Liga Bwin,SL Benfica,Turkey,Süper Lig,Basaksehir FK,loan transfer,2021
380,Strahinja Pavlovic,Centre-Back,20,8000000,Monaco,Ligue 1,AS Monaco,Switzerland,Super League,FC Basel 1893,loan transfer,2021
381,Rémy Cabella,Attacking Midfield,32,8000000,Russia,Premier Liga,FK Krasnodar,France,Ligue 1,Montpellier HSC,free transfer,2021
382,Michael,Left Winger,25,7000000,Brazil,Série A,CR Flamengo,Saudi Arabia,Saudi Pro League,Al-Hilal Saudi FC,7000000,2021
383,Dimitrios Giannoulis,Left-Back,25,7000000,Greece,Super League 1,PAOK Thessaloniki,England,Premier League,Norwich City,7000000,2021
384,Maximilian Philipp,Second Striker,27,7000000,Russia,Premier Liga,Dynamo Moscow,Germany,Bundesliga,VfL Wolfsburg,7000000,2021
385,Denis Makarov,Right Midfield,23,4000000,Russia,Premier Liga,Rubin Kazan,Russia,Premier Liga,Dynamo Moscow,7000000,2021
386,Lyanco,Centre-Back,24,5000000,Italy,Serie A,Torino FC,England,Premier League,Southampton FC,7000000,2021
387,Amine Adli,Right Winger,21,6000000,France,Ligue 2,FC Toulouse,Germany,Bundesliga,Bayer 04 Leverkusen,7000000,2021
388,Erik Botheim,Centre-Forward,21,4000000,Norway,Eliteserien,FK Bodø/Glimt,Russia,Premier Liga,FK Krasnodar,7000000,2021
389,Sebastián Driussi,Attacking Midfield,25,7000000,Russia,Premier Liga,Zenit St. Petersburg,United States,MLS,Austin FC,6000000,2021
390,David Zima,Centre-Back,20,7000000,Czech Republic,Fortuna Liga,SK Slavia Prague,Italy,Serie A,Torino FC,5000000,2021
391,Maximilian Eggestein,Central Midfield,24,7000000,Germany,2. Bundesliga,SV Werder Bremen,Germany,Bundesliga,SC Freiburg,5000000,2021
392,Germán Pezzella,Centre-Back,30,7000000,Italy,Serie A,ACF Fiorentina,Spain,LaLiga,Real Betis Balompié,3000000,2021
393,Tonny Vilhena,Central Midfield,27,7000000,Russia,Premier Liga,FK Krasnodar,Spain,LaLiga,RCD Espanyol Barcelona,500k,2021
394,Valentin Rosier,Right-Back,24,7000000,Portugal,Liga Bwin,Sporting CP,Turkey,Süper Lig,Besiktas JK,300k,2021
395,Brian Brobbey,Centre-Forward,19,7000000,Netherlands,Keuken Kampioen Divisie,Ajax Amsterdam U21,Germany,Bundesliga,RB Leipzig,free transfer,2021
396,Yairo Moreno,Left-Back,26,7000000,Mexico,Liga MX Clausura,Club León FC,Mexico,Liga MX Clausura,CF Pachuca,loan transfer,2021
397,Robin Quaison,Centre-Forward,27,7000000,Germany,Bundesliga,1.FSV Mainz 05,Saudi Arabia,Saudi Pro League,Ettifaq FC,free transfer,2021
398,Matías Pellegrini,Left Winger,21,7000000,United States,MLS,Inter Miami CF,Argentina,Liga Profesional,Club Estudiantes de La Plata,loan transfer,2021
399,Róger Guedes,Left Winger,24,7000000,China,Super League,Shandong Taishan,Brazil,Série A,Sport Club Corinthians Paulista,free transfer,2021
400,Chris Richards,Centre-Back,21,7000000,Germany,Bundesliga,Bayern Munich,Germany,Bundesliga,TSG 1899 Hoffenheim,loan transfer,2021
401,Brian Brobbey,Centre-Forward,19,7000000,Germany,Bundesliga,RB Leipzig,Netherlands,Eredivisie,Ajax Amsterdam,loan transfer,2021
402,Marco Richter,Right Winger,23,5000000,Germany,Bundesliga,FC Augsburg,Germany,Bundesliga,Hertha BSC,7000000,2021
403,Jesper Lindström,Attacking Midfield,21,7000000,Denmark,Superligaen,Bröndby IF,Germany,Bundesliga,Eintracht Frankfurt,7000000,2021
404,Victor Nelsson,Centre-Back,22,3000000,Denmark,Superligaen,FC Copenhagen,Turkey,Süper Lig,Galatasaray,7000000,2021
405,Will Hughes,Central Midfield,26,7000000,England,Premier League,Watford FC,England,Premier League,Crystal Palace,7000000,2021
406,Anders Dreyer,Right Winger,23,6000000,Denmark,Superligaen,FC Midtjylland,Russia,Premier Liga,Rubin Kazan,7000000,2021
407,Gyrano Kerk,Right Winger,25,6000000,Netherlands,Eredivisie,FC Utrecht,Russia,Premier Liga,Lokomotiv Moscow,7000000,2021
408,Konstantin Maradishvili,Defensive Midfield,21,2000000,Russia,Premier Liga,CSKA Moscow,Russia,Premier Liga,Lokomotiv Moscow,7000000,2021
409,Mert Cetin,Centre-Back,24,2000000,Italy,Serie A,AS Roma,Italy,Serie A,Hellas Verona,7000000,2021
410,Jesús Angulo,Left-Back,23,4000000,Mexico,Liga MX Clausura,Atlas Guadalajara,Mexico,Liga MX Clausura,Tigres UANL,7000000,2021
411,Edon Zhegrova,Right Winger,22,2000000,Switzerland,Super League,FC Basel 1893,France,Ligue 1,LOSC Lille,7000000,2021
412,Billal Brahimi,Left Winger,21,1000000,France,Ligue 1,Angers SCO,France,Ligue 1,OGC Nice,7000000,2021
413,Deniz Undav,Centre-Forward,25,5000000,Belgium,Jupiler Pro League,Royale Union Saint Gilloise,England,Premier League,Brighton & Hove Albion,7000000,2021
414,Ismail Jakobs,Left-Back,21,7000000,Germany,Bundesliga,1. FC Köln,Monaco,Ligue 1,AS Monaco,6000000,2021
415,Robert Andrich,Defensive Midfield,26,7000000,Germany,Bundesliga,1.FC Union Berlin,Germany,Bundesliga,Bayer 04 Leverkusen,6000000,2021
416,Joey Veerman,Central Midfield,23,7000000,Netherlands,Eredivisie,SC Heerenveen,Netherlands,Eredivisie,PSV Eindhoven,6000000,2021
417,Kevin Bonifazi,Centre-Back,25,7000000,Italy,Serie B,SPAL,Italy,Serie A,Bologna FC 1909,5000000,2021
418,Matías Arezo,Centre-Forward,19,7000000,Uruguay,Primera División Clausura,CA River Plate Montevideo,Spain,LaLiga,Granada CF,5000000,2021
419,Sebastián Córdova,Attacking Midfield,24,7000000,Mexico,Liga MX Clausura,CF América,Mexico,Liga MX Clausura,Tigres UANL,5000000,2021
420,Henry Onyekuru,Left Winger,24,7000000,Monaco,Ligue 1,AS Monaco,Greece,Super League 1,Olympiacos Piraeus,4000000,2021
421,Hugo Siquet,Right-Back,19,7000000,Belgium,Jupiler Pro League,Standard Liège,Germany,Bundesliga,SC Freiburg,4000000,2021
422,Myziane Maolida,Left Winger,22,7000000,France,Ligue 1,OGC Nice,Germany,Bundesliga,Hertha BSC,4000000,2021
423,Nicolae Stanciu,Attacking Midfield,28,7000000,Czech Republic,Fortuna Liga,SK Slavia Prague,China,Super League,Wuhan Three Towns,4000000,2021
424,Pierre Lees-Melou,Defensive Midfield,28,7000000,France,Ligue 1,OGC Nice,England,Premier League,Norwich City,3000000,2021
425,Matteo Darmian,Right-Back,31,7000000,Italy,Serie B,Parma Calcio 1913,Italy,Serie A,Inter Milan,3000000,2021
426,Gabriele Zappa,Right-Back,21,7000000,Italy,Serie C-B,Delfino Pescara 1936,Italy,Serie A,Cagliari Calcio,3000000,2021
427,Ryan Christie,Attacking Midfield,26,7000000,Scotland,Premiership,Celtic FC,England,Championship,AFC Bournemouth,2000000,2021
428,Brandon Soppy,Right-Back,19,7000000,France,Ligue 1,Stade Rennais FC,Italy,Serie A,Udinese Calcio,2000000,2021
429,Alan Patrick,Attacking Midfield,30,7000000,Ukraine,Premier Liga,Shakhtar Donetsk,Brazil,Série A,Sport Club Internacional,2000000,2021
430,Caleb Ekuban,Centre-Forward,27,7000000,Turkey,Süper Lig,Trabzonspor,Italy,Serie A,Genoa CFC,1000000,2021
431,Matteo Lovato,Centre-Back,21,7000000,Italy,Serie A,Atalanta BC,Italy,Serie A,Cagliari Calcio,1000000,2021
432,Anel Ahmedhodzic,Centre-Back,22,7000000,Sweden,Allsvenskan,Malmö FF,France,Ligue 1,FC Girondins Bordeaux,1000000,2021
433,Arne Maier,Central Midfield,22,7000000,Germany,Bundesliga,Hertha BSC,Germany,Bundesliga,FC Augsburg,500k,2021
434,Alexandru Mitrita,Left Winger,26,7000000,United States,MLS,New York City FC,Greece,Super League 1,PAOK Thessaloniki,500k,2021
435,Marc Oliver Kempf,Centre-Back,26,7000000,Germany,Bundesliga,VfB Stuttgart,Germany,Bundesliga,Hertha BSC,500k,2021
436,Jean-Pierre Nsame,Centre-Forward,28,7000000,Switzerland,Super League,BSC Young Boys,Italy,Serie A,Venezia FC,500k,2021
437,Jovane,Left Winger,23,7000000,Portugal,Liga Bwin,Sporting CP,Italy,Serie A,SS Lazio,300k,2021
438,Fedor Smolov,Centre-Forward,31,7000000,Russia,Premier Liga,Lokomotiv Moscow,Russia,Premier Liga,Dynamo Moscow,120k,2021
439,Gustavo Assunção,Defensive Midfield,21,7000000,Portugal,Liga Bwin,FC Famalicão,Turkey,Süper Lig,Galatasaray,100k,2021
440,Omar Richards,Left-Back,23,7000000,England,Championship,Reading FC,Germany,Bundesliga,Bayern Munich,free transfer,2021
441,Juan Miranda,Left-Back,21,7000000,Spain,LaLiga,FC Barcelona,Spain,LaLiga,Real Betis Balompié,free transfer,2021
442,Andros Townsend,Right Winger,30,7000000,England,Premier League,Crystal Palace,England,Premier League,Everton FC,free transfer,2021
443,Patrick van Aanholt,Left-Back,30,7000000,England,Premier League,Crystal Palace,Turkey,Süper Lig,Galatasaray,free transfer,2021
444,Alex Mowatt,Central Midfield,26,7000000,England,Championship,Barnsley FC,England,Championship,West Bromwich Albion,free transfer,2021
445,John Lundstram,Central Midfield,27,7000000,England,Championship,Sheffield United,Scotland,Premiership,Rangers FC,free transfer,2021
446,Rony Lopes,Right Winger,25,7000000,Spain,LaLiga,Sevilla FC,Greece,Super League 1,Olympiacos Piraeus,loan transfer,2021
447,Darío Benedetto,Centre-Forward,31,7000000,France,Ligue 1,Olympique Marseille,Spain,LaLiga,Elche CF,loan transfer,2021
448,Morgan Gibbs-White,Attacking Midfield,21,7000000,England,Premier League,Wolverhampton Wanderers,England,Championship,Sheffield United,loan transfer,2021
449,Jeison Murillo,Centre-Back,29,7000000,Italy,Serie A,UC Sampdoria,Spain,LaLiga,Celta de Vigo,loan transfer,2021
450,Roberto Alvarado,Right Winger,23,7000000,Mexico,Liga MX Clausura,CD Cruz Azul,Mexico,Liga MX Clausura,Deportivo Guadalajara,?,2021
451,Aaron Connolly,Centre-Forward,21,7000000,England,Premier League,Brighton & Hove Albion,England,Championship,Middlesbrough FC,loan transfer,2021
452,Jordan Amavi,Left-Back,27,7000000,France,Ligue 1,Olympique Marseille,France,Ligue 1,OGC Nice,loan transfer,2021
453,Oussama Idrissi,Left Winger,25,7000000,Spain,LaLiga,Sevilla FC,Spain,LaLiga,Cádiz CF,loan transfer,2021
454,Luis Abram,Centre-Back,25,7000000,Spain,LaLiga,Granada CF,Mexico,Liga MX Clausura,CD Cruz Azul,loan transfer,2021
455,Yeferson Soteldo,Left Winger,24,7000000,Canada,MLS,Toronto FC,Mexico,Liga MX Clausura,Tigres UANL,free transfer,2021
456,Jeff Hendrick,Central Midfield,30,7000000,England,Premier League,Newcastle United,England,Championship,Queens Park Rangers,loan transfer,2021
457,Júnior Alonso,Centre-Back,29,7000000,Russia,Premier Liga,FK Krasnodar,Brazil,Série A,Clube Atlético Mineiro,loan transfer,2021
458,Anders Dreyer,Right Winger,23,7000000,Russia,Premier Liga,Rubin Kazan,Denmark,Superligaen,FC Midtjylland,loan transfer,2021
459,Facundo Torres,Right Winger,21,6000000,Uruguay,Primera División Clausura,CA Peñarol,United States,MLS,Orlando City SC,6000000,2021
460,Luis Abram,Centre-Back,25,6000000,Argentina,Liga Profesional,CA Vélez Sarsfield,Spain,LaLiga,Granada CF,free transfer,2021
461,Bryan Reynolds,Right-Back,20,6000000,United States,MLS,FC Dallas,Italy,Serie A,AS Roma,6000000,2021
462,Martín Payero,Central Midfield,22,5000000,Argentina,Liga Profesional,CA Banfield,England,Championship,Middlesbrough FC,6000000,2021
463,Kevin Paredes,Left Midfield,18,4000000,United States,MLS,D.C. United,Germany,Bundesliga,VfL Wolfsburg,6000000,2021
464,Sead Haksabanovic,Left Winger,22,5000000,Sweden,Allsvenskan,IFK Norrköping,Russia,Premier Liga,Rubin Kazan,6000000,2021
465,Alexandru Cicaldau,Central Midfield,24,6000000,Romania,Liga 1,Universitatea Craiova,Turkey,Süper Lig,Galatasaray,6000000,2021
466,Stanley Nsoki,Centre-Back,22,5000000,France,Ligue 1,OGC Nice,Belgium,Jupiler Pro League,Club Brugge KV,6000000,2021
467,Kelvin Yeboah,Centre-Forward,21,4000000,Austria,Bundesliga,SK Sturm Graz,Italy,Serie A,Genoa CFC,6000000,2021
468,Éderson,Central Midfield,22,5000000,Brazil,Série A,Sport Club Corinthians Paulista,Italy,Serie A,US Salernitana 1919,6000000,2021
469,Kevin Lasagna,Centre-Forward,28,6000000,Italy,Serie A,Udinese Calcio,Italy,Serie A,Hellas Verona,6000000,2021
470,Andreas Skov Olsen,Right Midfield,22,6000000,Italy,Serie A,Bologna FC 1909,Belgium,Jupiler Pro League,Club Brugge KV,6000000,2021
471,Fodé Ballo-Touré,Left-Back,24,6000000,Monaco,Ligue 1,AS Monaco,Italy,Serie A,AC Milan,5000000,2021
472,Victor Moses,Right Midfield,30,6000000,England,Premier League,Chelsea FC,Russia,Premier Liga,Spartak Moscow,5000000,2021
473,Wendell,Left-Back,28,6000000,Germany,Bundesliga,Bayer 04 Leverkusen,Portugal,Liga Bwin,FC Porto,4000000,2021
474,Mario Vuskovic,Centre-Back,19,6000000,Croatia,1. HNL,HNK Hajduk Split,Germany,2. Bundesliga,Hamburger SV,1000000,2021
