,name,position,age,market_value,country_from,league_from,club_from,country_to,league_to,club_to,fee,year
0,Erling Haaland,Centre-Forward,21,150000000,Germany,Bundesliga,Borussia Dortmund,England,Premier League,Manchester City,60000000,2022
1,Enzo Fernández,Central Midfield,22,55000000,Portugal,Liga Portugal,SL Benfica,England,Premier League,Chelsea FC,121000000,2022
2,Antony,Right Winger,22,35000000,Netherlands,Eredivisie,Ajax Amsterdam,England,Premier League,Manchester United,95000000,2022
3,Wesley Fofana,Centre-Back,21,40000000,England,Premier League,Leicester City,England,Premier League,Chelsea FC,80000000,2022
4,Aurélien Tchouaméni,Defensive Midfield,22,60000000,Monaco,Ligue 1,AS Monaco,Spain,LaLiga,Real Madrid,80000000,2022
5,Casemiro,Defensive Midfield,30,40000000,Spain,LaLiga,Real Madrid,England,Premier League,Manchester United,70000000,2022
6,Alexander Isak,Centre-Forward,22,30000000,Spain,LaLiga,Real Sociedad,England,Premier League,Newcastle United,70000000,2022
7,Mykhaylo Mudryk,Left Winger,22,40000000,Ukraine,Premier Liga,Shakhtar Donetsk,England,Premier League,Chelsea FC,70000000,2022
8,Matthijs de Ligt,Centre-Back,22,70000000,Italy,Serie A,Juventus FC,Germany,Bundesliga,Bayern Munich,67000000,2022
9,Raheem Sterling,Left Winger,27,70000000,England,Premier League,Manchester City,England,Premier League,Chelsea FC,56000000,2022
10,Sadio Mané,Left Winger,30,70000000,England,Premier League,Liverpool FC,Germany,Bundesliga,Bayern Munich,32000000,2022
11,Romelu Lukaku,Centre-Forward,29,70000000,England,Premier League,Chelsea FC,Italy,Serie A,Inter Milan,7000000,2022
12,João Cancelo,Right-Back,28,70000000,England,Premier League,Manchester City,Germany,Bundesliga,Bayern Munich,loan transfer,2022
13,Marc Cucurella,Left-Back,24,28000000,England,Premier League,Brighton & Hove Albion,England,Premier League,Chelsea FC,65000000,2022
14,Federico Chiesa,Left Winger,24,65000000,Italy,Serie A,ACF Fiorentina,Italy,Serie A,Juventus FC,42000000,2022
15,Jules Koundé,Centre-Back,23,60000000,Spain,LaLiga,Sevilla FC,Spain,LaLiga,FC Barcelona,50000000,2022
16,Cody Gakpo,Left Winger,23,60000000,Netherlands,Eredivisie,PSV Eindhoven,England,Premier League,Liverpool FC,42000000,2022
17,Richarlison,Centre-Forward,25,48000000,England,Premier League,Everton FC,England,Premier League,Tottenham Hotspur,58000000,2022
18,Raphinha,Right Winger,25,45000000,England,Premier League,Leeds United,Spain,LaLiga,FC Barcelona,58000000,2022
19,Lisandro Martínez,Centre-Back,24,32000000,Netherlands,Eredivisie,Ajax Amsterdam,England,Premier League,Manchester United,57000000,2022
20,Darwin Núñez,Centre-Forward,23,55000000,Portugal,Liga Portugal,SL Benfica,England,Premier League,Liverpool FC,80000000,2022
21,Fabián Ruiz,Central Midfield,26,55000000,Italy,Serie A,SSC Napoli,France,Ligue 1,Paris Saint-Germain,23000000,2022
22,Gabriel Jesus,Centre-Forward,25,50000000,England,Premier League,Manchester City,England,Premier League,Arsenal FC,52000000,2022
23,Cristian Romero,Centre-Back,24,48000000,Italy,Serie A,Atalanta BC,England,Premier League,Tottenham Hotspur,50000000,2022
24,Kalvin Phillips,Defensive Midfield,26,50000000,England,Premier League,Leeds United,England,Premier League,Manchester City,49000000,2022
25,Carlos Soler,Central Midfield,25,50000000,Spain,LaLiga,Valencia CF,France,Ligue 1,Paris Saint-Germain,18000000,2022
26,João Félix,Second Striker,23,50000000,Spain,LaLiga,Atlético de Madrid,England,Premier League,Chelsea FC,11000000,2022
27,Paul Pogba,Central Midfield,29,48000000,England,Premier League,Manchester United,Italy,Serie A,Juventus FC,free transfer,2022
28,Anthony Gordon,Left Winger,21,40000000,England,Premier League,Everton FC,England,Premier League,Newcastle United,45000000,2022
29,Robert Lewandowski,Centre-Forward,33,45000000,Germany,Bundesliga,Bayern Munich,Spain,LaLiga,FC Barcelona,45000000,2022
30,Matheus Nunes,Central Midfield,23,35000000,Portugal,Liga Portugal,Sporting CP,England,Premier League,Wolverhampton Wanderers,45000000,2022
31,Franck Kessié,Central Midfield,25,45000000,Italy,Serie A,AC Milan,Spain,LaLiga,FC Barcelona,free transfer,2022
32,Enzo Fernández,Central Midfield,21,15000000,Argentina,Liga Profesional,CA River Plate,Portugal,Liga Portugal,SL Benfica,44000000,2022
33,Lucas Paquetá,Attacking Midfield,25,35000000,France,Ligue 1,Olympique Lyon,England,Premier League,West Ham United,42000000,2022
34,Amine Gouiri,Centre-Forward,22,42000000,France,Ligue 1,OGC Nice,France,Ligue 1,Stade Rennais FC,28000000,2022
35,Vitinha,Central Midfield,22,30000000,Portugal,Liga Portugal,FC Porto,France,Ligue 1,Paris Saint-Germain,41000000,2022
36,Bremer,Centre-Back,25,35000000,Italy,Serie A,Torino FC,Italy,Serie A,Juventus FC,41000000,2022
37,Nuno Mendes,Left-Back,20,40000000,Portugal,Liga Portugal,Sporting CP,France,Ligue 1,Paris Saint-Germain,38000000,2022
38,Benoît Badiashile,Centre-Back,21,40000000,Monaco,Ligue 1,AS Monaco,England,Premier League,Chelsea FC,38000000,2022
39,Gonçalo Guedes,Second Striker,25,40000000,Spain,LaLiga,Valencia CF,England,Premier League,Wolverhampton Wanderers,32000000,2022
40,Diego Carlos,Centre-Back,29,40000000,Spain,LaLiga,Sevilla FC,England,Premier League,Aston Villa,31000000,2022
41,Antonio Rüdiger,Centre-Back,29,40000000,England,Premier League,Chelsea FC,Spain,LaLiga,Real Madrid,free transfer,2022
42,Kalidou Koulibaly,Centre-Back,31,35000000,Italy,Serie A,SSC Napoli,England,Premier League,Chelsea FC,38000000,2022
43,Sven Botman,Centre-Back,22,30000000,France,Ligue 1,LOSC Lille,England,Premier League,Newcastle United,37000000,2022
44,Gianluca Scamacca,Centre-Forward,23,30000000,Italy,Serie A,US Sassuolo,England,Premier League,West Ham United,36000000,2022
45,Fábio Vieira,Attacking Midfield,22,25000000,Portugal,Liga Portugal,FC Porto,England,Premier League,Arsenal FC,35000000,2022
46,Nayef Aguerd,Centre-Back,26,12000000,France,Ligue 1,Stade Rennais FC,England,Premier League,West Ham United,35000000,2022
47,Oleksandr Zinchenko,Left-Back,25,25000000,England,Premier League,Manchester City,England,Premier League,Arsenal FC,35000000,2022
48,Amadou Onana,Defensive Midfield,20,10000000,France,Ligue 1,LOSC Lille,England,Premier League,Everton FC,35000000,2022
49,Noni Madueke,Right Winger,20,15000000,Netherlands,Eredivisie,PSV Eindhoven,England,Premier League,Chelsea FC,35000000,2022
50,Sébastien Haller,Centre-Forward,28,35000000,Netherlands,Eredivisie,Ajax Amsterdam,Germany,Bundesliga,Borussia Dortmund,31000000,2022
51,Karim Adeyemi,Left Winger,20,35000000,Austria,Bundesliga,Red Bull Salzburg,Germany,Bundesliga,Borussia Dortmund,30000000,2022
52,Yves Bissouma,Central Midfield,25,35000000,England,Premier League,Brighton & Hove Albion,England,Premier League,Tottenham Hotspur,29000000,2022
53,Timo Werner,Centre-Forward,26,35000000,England,Premier League,Chelsea FC,Germany,Bundesliga,RB Leipzig,20000000,2022
54,Ryan Gravenberch,Central Midfield,20,35000000,Netherlands,Eredivisie,Ajax Amsterdam,Germany,Bundesliga,Bayern Munich,18000000,2022
55,Jorginho,Defensive Midfield,31,35000000,England,Premier League,Chelsea FC,England,Premier League,Arsenal FC,11000000,2022
56,Arnaut Danjuma,Left Winger,25,35000000,Spain,LaLiga,Villarreal CF,England,Premier League,Tottenham Hotspur,3000000,2022
57,Niklas Süle,Centre-Back,26,35000000,Germany,Bundesliga,Bayern Munich,Germany,Bundesliga,Borussia Dortmund,free transfer,2022
58,Andreas Christensen,Centre-Back,26,35000000,England,Premier League,Chelsea FC,Spain,LaLiga,FC Barcelona,free transfer,2022
59,Paulo Dybala,Second Striker,28,35000000,Italy,Serie A,Juventus FC,Italy,Serie A,AS Roma,free transfer,2022
60,Nico Schlotterbeck,Centre-Back,22,33000000,Germany,Bundesliga,SC Freiburg,Germany,Bundesliga,Borussia Dortmund,20000000,2022
61,Brenden Aaronson,Attacking Midfield,21,25000000,Austria,Bundesliga,Red Bull Salzburg,England,Premier League,Leeds United,32000000,2022
62,Charles De Ketelaere,Attacking Midfield,21,30000000,Belgium,Jupiler Pro League,Club Brugge KV,Italy,Serie A,AC Milan,32000000,2022
63,Vitinha,Centre-Forward,22,15000000,Portugal,Liga Portugal,SC Braga,France,Ligue 1,Olympique Marseille,32000000,2022
64,Gonçalo Guedes,Second Striker,26,32000000,England,Premier League,Wolverhampton Wanderers,Portugal,Liga Portugal,SL Benfica,loan transfer,2022
65,Steven Bergwijn,Left Winger,24,18000000,England,Premier League,Tottenham Hotspur,Netherlands,Eredivisie,Ajax Amsterdam,31000000,2022
66,Malo Gusto,Right-Back,19,15000000,France,Ligue 1,Olympique Lyon,England,Premier League,Chelsea FC,30000000,2022
67,Leandro Trossard,Left Winger,28,30000000,England,Premier League,Brighton & Hove Albion,England,Premier League,Arsenal FC,24000000,2022
68,Manuel Akanji,Centre-Back,27,30000000,Germany,Bundesliga,Borussia Dortmund,England,Premier League,Manchester City,17000000,2022
69,Frank Anguissa,Central Midfield,26,30000000,England,Premier League,Fulham FC,Italy,Serie A,SSC Napoli,16000000,2022
70,Nicolò Zaniolo,Attacking Midfield,23,30000000,Italy,Serie A,AS Roma,Turkey,Süper Lig,Galatasaray,15000000,2022
71,Renan Lodi,Left-Back,24,30000000,Spain,LaLiga,Atlético de Madrid,England,Premier League,Nottingham Forest,5000000,2022
72,Tanguy Ndombélé,Central Midfield,25,30000000,England,Premier League,Tottenham Hotspur,Italy,Serie A,SSC Napoli,500k,2022
73,Angeliño,Left-Back,25,30000000,Germany,Bundesliga,RB Leipzig,Germany,Bundesliga,TSG 1899 Hoffenheim,loan transfer,2022
74,Morgan Gibbs-White,Attacking Midfield,22,11000000,England,Premier League,Wolverhampton Wanderers,England,Premier League,Nottingham Forest,29000000,2022
75,Renato Sanches,Central Midfield,24,28000000,France,Ligue 1,LOSC Lille,France,Ligue 1,Paris Saint-Germain,15000000,2022
76,Leander Dendoncker,Defensive Midfield,27,28000000,England,Premier League,Wolverhampton Wanderers,England,Premier League,Aston Villa,15000000,2022
77,Giacomo Raspadori,Second Striker,22,28000000,Italy,Serie A,US Sassuolo,Italy,Serie A,SSC Napoli,5000000,2022
78,Hugo Ekitiké,Centre-Forward,20,28000000,France,Ligue 1,Stade Reims,France,Ligue 1,Paris Saint-Germain,loan transfer,2022
79,Mohamed Camara,Defensive Midfield,22,27000000,Austria,Bundesliga,Red Bull Salzburg,Monaco,Ligue 1,AS Monaco,15000000,2022
80,Xaver Schlager,Central Midfield,24,27000000,Germany,Bundesliga,VfL Wolfsburg,Germany,Bundesliga,RB Leipzig,12000000,2022
81,Denis Zakaria,Defensive Midfield,25,27000000,Italy,Serie A,Juventus FC,England,Premier League,Chelsea FC,3000000,2022
82,David Raum,Left-Back,24,20000000,Germany,Bundesliga,TSG 1899 Hoffenheim,Germany,Bundesliga,RB Leipzig,26000000,2022
83,Luis Sinisterra,Left Winger,23,25000000,Netherlands,Eredivisie,Feyenoord Rotterdam,England,Premier League,Leeds United,25000000,2022
84,Jakub Kiwior,Centre-Back,22,8000000,Italy,Serie A,Spezia Calcio,England,Premier League,Arsenal FC,25000000,2022
85,Kamaldeen Sulemana,Left Winger,20,18000000,France,Ligue 1,Stade Rennais FC,England,Premier League,Southampton FC,25000000,2022
86,Merih Demiral,Centre-Back,24,25000000,Italy,Serie A,Juventus FC,Italy,Serie A,Atalanta BC,21000000,2022
87,João Palhinha,Defensive Midfield,26,25000000,Portugal,Liga Portugal,Sporting CP,England,Premier League,Fulham FC,20000000,2022
88,Danilo,Defensive Midfield,21,25000000,Brazil,Paulistão A1 - Primeira fase,Sociedade Esportiva Palmeiras,England,Premier League,Nottingham Forest,20000000,2022
89,Sasa Kalajdzic,Centre-Forward,25,25000000,Germany,Bundesliga,VfB Stuttgart,England,Premier League,Wolverhampton Wanderers,18000000,2022
90,Mattéo Guendouzi,Central Midfield,23,25000000,England,Premier League,Arsenal FC,France,Ligue 1,Olympique Marseille,11000000,2022
91,Pedro Porro,Right-Back,22,25000000,England,Premier League,Manchester City,Portugal,Liga Portugal,Sporting CP,8000000,2022
92,Raúl de Tomás,Centre-Forward,27,25000000,Spain,LaLiga,RCD Espanyol Barcelona,Spain,LaLiga,Rayo Vallecano,8000000,2022
93,Pedro Porro,Right-Back,23,25000000,Portugal,Liga Portugal,Sporting CP,England,Premier League,Tottenham Hotspur,5000000,2022
94,Lucas Ocampos,Left Winger,28,25000000,Spain,LaLiga,Sevilla FC,Netherlands,Eredivisie,Ajax Amsterdam,4000000,2022
95,Lorenzo Insigne,Left Winger,31,25000000,Italy,Serie A,SSC Napoli,Canada,MLS,Toronto FC,free transfer,2022
96,Boubacar Kamara,Defensive Midfield,22,25000000,France,Ligue 1,Olympique Marseille,England,Premier League,Aston Villa,free transfer,2022
97,Conor Coady,Centre-Back,29,25000000,England,Premier League,Wolverhampton Wanderers,England,Premier League,Everton FC,loan transfer,2022
98,Nicolas Pépé,Right Winger,27,25000000,England,Premier League,Arsenal FC,France,Ligue 1,OGC Nice,loan transfer,2022
99,Callum Hudson-Odoi,Left Winger,21,25000000,England,Premier League,Chelsea FC,Germany,Bundesliga,Bayer 04 Leverkusen,loan transfer,2022
100,Sergio Reguilón,Left-Back,25,25000000,England,Premier League,Tottenham Hotspur,Spain,LaLiga,Atlético de Madrid,loan transfer,2022
101,Nathan Collins,Centre-Back,21,10000000,England,Championship,Burnley FC,England,Premier League,Wolverhampton Wanderers,24000000,2022
102,Filip Kostić,Left Midfield,29,24000000,Germany,Bundesliga,Eintracht Frankfurt,Italy,Serie A,Juventus FC,13000000,2022
103,Joaquín Correa,Second Striker,27,23000000,Italy,Serie A,SS Lazio,Italy,Serie A,Inter Milan,23000000,2022
104,Calvin Bassey,Centre-Back,22,10000000,Scotland,Premiership,Rangers FC,Netherlands,Eredivisie,Ajax Amsterdam,23000000,2022
105,Ilya Zabarnyi,Centre-Back,20,15000000,Ukraine,Premier Liga,Dynamo Kyiv,England,Premier League,AFC Bournemouth,22000000,2022
106,Jérémie Boga,Left Winger,25,19000000,Italy,Serie A,US Sassuolo,Italy,Serie A,Atalanta BC,22000000,2022
107,Sofiane Diop,Left Winger,22,20000000,Monaco,Ligue 1,AS Monaco,France,Ligue 1,OGC Nice,22000000,2022
108,Thilo Kehrer,Centre-Back,25,22000000,France,Ligue 1,Paris Saint-Germain,England,Premier League,West Ham United,12000000,2022
109,Cengiz Ünder,Right Winger,24,22000000,Italy,Serie A,AS Roma,France,Ligue 1,Olympique Marseille,8000000,2022
110,Viktor Tsygankov,Right Winger,25,22000000,Ukraine,Premier Liga,Dynamo Kyiv,Spain,LaLiga,Girona FC,5000000,2022
111,James Tarkowski,Centre-Back,29,22000000,England,Championship,Burnley FC,England,Premier League,Everton FC,free transfer,2022
112,Giovani Lo Celso,Central Midfield,26,22000000,England,Premier League,Tottenham Hotspur,Spain,LaLiga,Villarreal CF,loan transfer,2022
113,Julian Weigl,Defensive Midfield,26,22000000,Portugal,Liga Portugal,SL Benfica,Germany,Bundesliga,Borussia Mönchengladbach,loan transfer,2022
114,Jan Bednarek,Centre-Back,26,22000000,England,Premier League,Southampton FC,England,Premier League,Aston Villa,loan transfer,2022
115,Mauro Icardi,Centre-Forward,29,22000000,France,Ligue 1,Paris Saint-Germain,Turkey,Süper Lig,Galatasaray,loan transfer,2022
116,Hamed Junior Traorè,Attacking Midfield,22,22000000,Italy,Serie A,US Sassuolo,England,Premier League,AFC Bournemouth,loan transfer,2022
117,Weston McKennie,Central Midfield,24,21000000,Italy,Serie A,Juventus FC,England,Premier League,Leeds United,1000000,2022
118,Maxwel Cornet,Left Winger,25,15000000,England,Championship,Burnley FC,England,Premier League,West Ham United,20000000,2022
119,Taiwo Awoniyi,Centre-Forward,24,20000000,Germany,Bundesliga,1.FC Union Berlin,England,Premier League,Nottingham Forest,20000000,2022
120,David Carmo,Centre-Back,22,15000000,Portugal,Liga Portugal,SC Braga,Portugal,Liga Portugal,FC Porto,20000000,2022
121,Philippe Coutinho,Left Winger,30,20000000,Spain,LaLiga,FC Barcelona,England,Premier League,Aston Villa,20000000,2022
122,Neco Williams,Right-Back,21,8000000,England,Premier League,Liverpool FC,England,Premier League,Nottingham Forest,20000000,2022
123,Mathys Tel,Centre-Forward,17,2000000,France,Ligue 1,Stade Rennais FC,Germany,Bundesliga,Bayern Munich,20000000,2022
124,Nahuel Molina,Right-Back,24,20000000,Italy,Serie A,Udinese Calcio,Spain,LaLiga,Atlético de Madrid,20000000,2022
125,Arnaud Kalimuendo,Centre-Forward,20,18000000,France,Ligue 1,Paris Saint-Germain,France,Ligue 1,Stade Rennais FC,20000000,2022
126,Umar Sadiq,Centre-Forward,25,18000000,Spain,LaLiga,UD Almería,Spain,LaLiga,Real Sociedad,20000000,2022
127,Pervis Estupiñán,Left-Back,24,20000000,Spain,LaLiga,Villarreal CF,England,Premier League,Brighton & Hove Albion,17000000,2022
128,David Neres,Right Winger,25,20000000,Ukraine,Premier Liga,Shakhtar Donetsk,Portugal,Liga Portugal,SL Benfica,15000000,2022
129,Dodô,Right-Back,23,20000000,Ukraine,Premier Liga,Shakhtar Donetsk,Italy,Serie A,ACF Fiorentina,14000000,2022
130,Álex Moreno,Left-Back,29,20000000,Spain,LaLiga,Real Betis Balompié,England,Premier League,Aston Villa,13000000,2022
131,Adam Hlozek,Centre-Forward,19,20000000,Czech Republic,Fortuna Liga,AC Sparta Prague,Germany,Bundesliga,Bayer 04 Leverkusen,13000000,2022
132,Nordi Mukiele,Right-Back,24,20000000,Germany,Bundesliga,RB Leipzig,France,Ligue 1,Paris Saint-Germain,12000000,2022
133,Remo Freuler,Central Midfield,30,20000000,Italy,Serie A,Atalanta BC,England,Premier League,Nottingham Forest,9000000,2022
134,Lucas Torreira,Defensive Midfield,26,20000000,England,Premier League,Arsenal FC,Turkey,Süper Lig,Galatasaray,6000000,2022
135,Pablo Sarabia,Right Winger,30,20000000,France,Ligue 1,Paris Saint-Germain,England,Premier League,Wolverhampton Wanderers,5000000,2022
136,Trincão,Right Winger,22,20000000,Spain,LaLiga,FC Barcelona,Portugal,Liga Portugal,Sporting CP,3000000,2022
137,Memphis Depay,Centre-Forward,28,20000000,Spain,LaLiga,FC Barcelona,Spain,LaLiga,Atlético de Madrid,3000000,2022
138,Antonin Barak,Attacking Midfield,27,20000000,Italy,Serie A,Hellas Verona,Italy,Serie A,ACF Fiorentina,1000000,2022
139,Noussair Mazraoui,Right-Back,24,20000000,Netherlands,Eredivisie,Ajax Amsterdam,Germany,Bundesliga,Bayern Munich,free transfer,2022
140,Christian Eriksen,Central Midfield,30,20000000,England,Premier League,Brentford FC,England,Premier League,Manchester United,free transfer,2022
141,Andrea Pinamonti,Centre-Forward,23,20000000,Italy,Serie A,Inter Milan,Italy,Serie A,US Sassuolo,loan transfer,2022
142,Nico González,Central Midfield,20,20000000,Spain,LaLiga,FC Barcelona,Spain,LaLiga,Valencia CF,loan transfer,2022
143,Andrea Belotti,Centre-Forward,28,20000000,Italy,Serie A,Torino FC,Italy,Serie A,AS Roma,free transfer,2022
144,Héctor Bellerín,Right-Back,27,20000000,England,Premier League,Arsenal FC,Spain,LaLiga,FC Barcelona,free transfer,2022
145,Matheus Cunha,Centre-Forward,23,20000000,Spain,LaLiga,Atlético de Madrid,England,Premier League,Wolverhampton Wanderers,loan transfer,2022
146,Marcel Sabitzer,Central Midfield,28,20000000,Germany,Bundesliga,Bayern Munich,England,Premier League,Manchester United,loan transfer,2022
147,Keane Lewis-Potter,Left Winger,21,12000000,England,Championship,Hull City,England,Premier League,Brentford FC,19000000,2022
148,Arthur Theate,Centre-Back,22,15000000,Italy,Serie A,Bologna FC 1909,France,Ligue 1,Stade Rennais FC,19000000,2022
149,Hassane Kamara,Left-Back,28,4000000,England,Championship,Watford FC,Italy,Serie A,Udinese Calcio,19000000,2022
150,João Gomes,Central Midfield,21,15000000,Brazil,Carioca - Taça Guanabara,CR Flamengo,England,Premier League,Wolverhampton Wanderers,18000000,2022
151,Min-jae Kim,Centre-Back,25,14000000,Turkey,Süper Lig,Fenerbahce,Italy,Serie A,SSC Napoli,18000000,2022
152,Carney Chukwuemeka,Central Midfield,18,6000000,England,Premier League,Aston Villa,England,Premier League,Chelsea FC,18000000,2022
153,Destiny Udogie,Left-Back,19,17000000,Italy,Serie A,Udinese Calcio,England,Premier League,Tottenham Hotspur,18000000,2022
154,Paul Onuachu,Centre-Forward,28,15000000,Belgium,Jupiler Pro League,KRC Genk,England,Premier League,Southampton FC,18000000,2022
155,Dwight McNeil,Left Winger,22,18000000,England,Championship,Burnley FC,England,Premier League,Everton FC,17000000,2022
156,Aaron Hickey,Left-Back,20,18000000,Italy,Serie A,Bologna FC 1909,England,Premier League,Brentford FC,16000000,2022
157,Gaëtan Laborde,Centre-Forward,28,18000000,France,Ligue 1,Stade Rennais FC,France,Ligue 1,OGC Nice,15000000,2022
158,Gerson,Central Midfield,25,18000000,France,Ligue 1,Olympique Marseille,Brazil,Carioca - Taça Guanabara,CR Flamengo,15000000,2022
159,Brais Méndez,Attacking Midfield,25,18000000,Spain,LaLiga,Celta de Vigo,Spain,LaLiga,Real Sociedad,14000000,2022
160,Neal Maupay,Centre-Forward,26,18000000,England,Premier League,Brighton & Hove Albion,England,Premier League,Everton FC,11000000,2022
161,Moussa Niakhaté,Centre-Back,26,18000000,Germany,Bundesliga,1.FSV Mainz 05,England,Premier League,Nottingham Forest,10000000,2022
162,Mattia Zaccagni,Left Winger,27,18000000,Italy,Serie A,Hellas Verona,Italy,Serie A,SS Lazio,7000000,2022
163,Zeki Celik,Right-Back,25,18000000,France,Ligue 1,LOSC Lille,Italy,Serie A,AS Roma,7000000,2022
164,Arthur Melo,Central Midfield,26,18000000,Italy,Serie A,Juventus FC,England,Premier League,Liverpool FC,4000000,2022
165,Julian Draxler,Left Winger,28,18000000,France,Ligue 1,Paris Saint-Germain,Portugal,Liga Portugal,SL Benfica,2000000,2022
166,Abdou Diallo,Centre-Back,26,18000000,France,Ligue 1,Paris Saint-Germain,Germany,Bundesliga,RB Leipzig,1000000,2022
167,Matthias Ginter,Centre-Back,28,18000000,Germany,Bundesliga,Borussia Mönchengladbach,Germany,Bundesliga,SC Freiburg,free transfer,2022
168,Jesse Lingard,Attacking Midfield,29,18000000,England,Premier League,Manchester United,England,Premier League,Nottingham Forest,free transfer,2022
169,Dean Henderson,Goalkeeper,25,18000000,England,Premier League,Manchester United,England,Premier League,Nottingham Forest,loan transfer,2022
170,Alex Telles,Left-Back,29,18000000,England,Premier League,Manchester United,Spain,LaLiga,Sevilla FC,loan transfer,2022
171,Georginio Wijnaldum,Central Midfield,31,18000000,France,Ligue 1,Paris Saint-Germain,Italy,Serie A,AS Roma,loan transfer,2022
172,Sergiño Dest,Right-Back,21,18000000,Spain,LaLiga,FC Barcelona,Italy,Serie A,AC Milan,loan transfer,2022
173,André Gomes,Central Midfield,29,18000000,England,Premier League,Everton FC,France,Ligue 1,LOSC Lille,loan transfer,2022
174,Daniel James,Right Winger,24,18000000,England,Premier League,Leeds United,England,Premier League,Fulham FC,loan transfer,2022
175,Nathan Redmond,Left Winger,28,18000000,England,Premier League,Southampton FC,Turkey,Süper Lig,Besiktas JK,free transfer,2022
176,Ruslan Malinovskyi,Attacking Midfield,29,18000000,Italy,Serie A,Atalanta BC,France,Ligue 1,Olympique Marseille,loan transfer,2022
177,Issa Diop,Centre-Back,25,10000000,England,Premier League,West Ham United,England,Premier League,Fulham FC,17000000,2022
178,Matt Targett,Left-Back,26,17000000,England,Premier League,Aston Villa,England,Premier League,Newcastle United,17000000,2022
179,Tyler Adams,Defensive Midfield,23,17000000,Germany,Bundesliga,RB Leipzig,England,Premier League,Leeds United,17000000,2022
180,Wout Faes,Centre-Back,24,10000000,France,Ligue 1,Stade Reims,England,Premier League,Leicester City,17000000,2022
181,Harry Souttar,Centre-Back,24,6000000,England,Championship,Stoke City,England,Premier League,Leicester City,17000000,2022
182,Tyrell Malacia,Left-Back,22,17000000,Netherlands,Eredivisie,Feyenoord Rotterdam,England,Premier League,Manchester United,15000000,2022
183,Marcos Senesi,Centre-Back,25,17000000,Netherlands,Eredivisie,Feyenoord Rotterdam,England,Premier League,AFC Bournemouth,15000000,2022
184,Jordan Veretout,Defensive Midfield,29,17000000,Italy,Serie A,AS Roma,France,Ligue 1,Olympique Marseille,11000000,2022
185,Giovanni Simeone,Centre-Forward,26,17000000,Italy,Serie B,Cagliari Calcio,Italy,Serie A,Hellas Verona,10000000,2022
186,Destiny Udogie,Left-Back,19,17000000,Italy,Serie A,Hellas Verona,Italy,Serie A,Udinese Calcio,4000000,2022
187,Giovanni Simeone,Centre-Forward,27,17000000,Italy,Serie A,Hellas Verona,Italy,Serie A,SSC Napoli,3000000,2022
188,Yusuf Yazici,Attacking Midfield,25,17000000,France,Ligue 1,LOSC Lille,Turkey,Süper Lig,Trabzonspor,500k,2022
189,Alessio Romagnoli,Centre-Back,27,17000000,Italy,Serie A,AC Milan,Italy,Serie A,SS Lazio,free transfer,2022
190,Chancel Mbemba,Centre-Back,27,17000000,Portugal,Liga Portugal,FC Porto,France,Ligue 1,Olympique Marseille,free transfer,2022
191,Destiny Udogie,Left-Back,19,17000000,England,Premier League,Tottenham Hotspur,Italy,Serie A,Udinese Calcio,loan transfer,2022
192,Leandro Paredes,Defensive Midfield,28,17000000,France,Ligue 1,Paris Saint-Germain,Italy,Serie A,Juventus FC,loan transfer,2022
193,Kasper Dolberg,Centre-Forward,24,17000000,France,Ligue 1,OGC Nice,Spain,LaLiga,Sevilla FC,loan transfer,2022
194,Hee-chan Hwang,Centre-Forward,26,16000000,Germany,Bundesliga,RB Leipzig,England,Premier League,Wolverhampton Wanderers,16000000,2022
195,Jhon Durán,Centre-Forward,19,6000000,United States,MLS,Chicago Fire FC,England,Premier League,Aston Villa,16000000,2022
196,Mathías Olivera,Left-Back,24,15000000,Spain,LaLiga,Getafe CF,Italy,Serie A,SSC Napoli,16000000,2022
197,Brian Brobbey,Centre-Forward,20,9000000,Germany,Bundesliga,RB Leipzig,Netherlands,Eredivisie,Ajax Amsterdam,16000000,2022
198,Georginio Rutter,Centre-Forward,20,16000000,Germany,Bundesliga,TSG 1899 Hoffenheim,England,Premier League,Leeds United,28000000,2022
199,Tanguy Nianzou,Centre-Back,20,9000000,Germany,Bundesliga,Bayern Munich,Spain,LaLiga,Sevilla FC,16000000,2022
200,Danny Ings,Centre-Forward,30,16000000,England,Premier League,Aston Villa,England,Premier League,West Ham United,12000000,2022
201,St. Juste,Centre-Back,25,16000000,Germany,Bundesliga,1.FSV Mainz 05,Portugal,Liga Portugal,Sporting CP,10000000,2022
202,Arkadiusz Milik,Centre-Forward,28,16000000,Italy,Serie A,SSC Napoli,France,Ligue 1,Olympique Marseille,8000000,2022
203,Duje Caleta-Car,Centre-Back,25,16000000,France,Ligue 1,Olympique Marseille,England,Premier League,Southampton FC,8000000,2022
204,Matteo Pessina,Central Midfield,25,16000000,Italy,Serie A,Atalanta BC,Italy,Serie A,AC Monza,3000000,2022
205,Arkadiusz Milik,Centre-Forward,28,16000000,France,Ligue 1,Olympique Marseille,Italy,Serie A,Juventus FC,750k,2022
206,Randal Kolo Muani,Centre-Forward,23,16000000,France,Ligue 1,FC Nantes,Germany,Bundesliga,Eintracht Frankfurt,free transfer,2022
207,Luiz Felipe,Centre-Back,25,16000000,Italy,Serie A,SS Lazio,Spain,LaLiga,Real Betis Balompié,free transfer,2022
208,Luka Jović,Centre-Forward,24,16000000,Spain,LaLiga,Real Madrid,Italy,Serie A,ACF Fiorentina,free transfer,2022
209,Bertrand Traoré,Right Winger,26,16000000,England,Premier League,Aston Villa,Turkey,Süper Lig,Basaksehir FK,loan transfer,2022
210,Dele Alli,Attacking Midfield,26,16000000,England,Premier League,Everton FC,Turkey,Süper Lig,Besiktas JK,loan transfer,2022
211,Diadié Samassékou,Defensive Midfield,26,16000000,Germany,Bundesliga,TSG 1899 Hoffenheim,Greece,Super League 1,Olympiacos Piraeus,loan transfer,2022
212,Yuri Alberto,Centre-Forward,21,16000000,Russia,Premier Liga,Zenit St. Petersburg,Brazil,Paulistão A1 - Primeira fase,Sport Club Corinthians Paulista,free transfer,2022
213,Cheick Doucouré,Defensive Midfield,22,15000000,France,Ligue 1,RC Lens,England,Premier League,Crystal Palace,22000000,2022
214,Roman Yaremchuk,Centre-Forward,26,15000000,Portugal,Liga Portugal,SL Benfica,Belgium,Jupiler Pro League,Club Brugge KV,17000000,2022
215,Takumi Minamino,Left Winger,27,12000000,England,Premier League,Liverpool FC,Monaco,Ligue 1,AS Monaco,15000000,2022
216,Mikkel Damsgaard,Left Winger,22,15000000,Italy,Serie A,UC Sampdoria,England,Premier League,Brentford FC,15000000,2022
217,Cesare Casadei,Central Midfield,19,1000000,Italy,Primavera 1,Inter Milan Primavera,England,Premier League 2,Chelsea FC U21,15000000,2022
218,Éverton,Left Winger,26,15000000,Portugal,Liga Portugal,SL Benfica,Brazil,Série A,CR Flamengo,14000000,2022
219,Rasmus Kristensen,Right-Back,24,15000000,Austria,Bundesliga,Red Bull Salzburg,England,Premier League,Leeds United,13000000,2022
220,Orel Mangala,Central Midfield,24,15000000,Germany,Bundesliga,VfB Stuttgart,England,Premier League,Nottingham Forest,13000000,2022
221,Breel Embolo,Centre-Forward,25,15000000,Germany,Bundesliga,Borussia Mönchengladbach,Monaco,Ligue 1,AS Monaco,12000000,2022
222,Pierre-Emerick Aubameyang,Centre-Forward,33,15000000,Spain,LaLiga,FC Barcelona,England,Premier League,Chelsea FC,12000000,2022
223,Khvicha Kvaratskhelia,Left Winger,21,15000000,Georgia,Crystalbet Erovnuli Liga,Dinamo Batumi,Italy,Serie A,SSC Napoli,11000000,2022
224,Nick Pope,Goalkeeper,30,15000000,England,Championship,Burnley FC,England,Premier League,Newcastle United,11000000,2022
225,Momo Cho,Centre-Forward,18,15000000,France,Ligue 1,Angers SCO,Spain,LaLiga,Real Sociedad,11000000,2022
226,Mattias Svanberg,Central Midfield,23,15000000,Italy,Serie A,Bologna FC 1909,Germany,Bundesliga,VfL Wolfsburg,9000000,2022
227,Azzedine Ounahi,Central Midfield,22,15000000,France,Ligue 1,Angers SCO,France,Ligue 1,Olympique Marseille,8000000,2022
228,Jonathan Clauss,Right-Back,29,15000000,France,Ligue 1,RC Lens,France,Ligue 1,Olympique Marseille,7000000,2022
229,Arthur Theate,Centre-Back,22,15000000,Belgium,Jupiler Pro League,KV Oostende,Italy,Serie A,Bologna FC 1909,6000000,2022
230,Konstantinos Mavropanos,Centre-Back,24,15000000,England,Premier League,Arsenal FC,Germany,Bundesliga,VfB Stuttgart,3000000,2022
231,Terem Moffi,Centre-Forward,23,15000000,France,Ligue 1,FC Lorient,France,Ligue 1,OGC Nice,2000000,2022
232,Héctor Bellerín,Right-Back,27,15000000,Spain,LaLiga,FC Barcelona,Portugal,Liga Portugal,Sporting CP,1000000,2022
233,Alexandre Lacazette,Centre-Forward,31,15000000,England,Premier League,Arsenal FC,France,Ligue 1,Olympique Lyon,free transfer,2022
234,Corentin Tolisso,Central Midfield,27,15000000,Germany,Bundesliga,Bayern Munich,France,Ligue 1,Olympique Lyon,free transfer,2022
235,Fábio Silva,Centre-Forward,20,15000000,England,Premier League,Wolverhampton Wanderers,Belgium,Jupiler Pro League,RSC Anderlecht,loan transfer,2022
236,Nuno Tavares,Left-Back,22,15000000,England,Premier League,Arsenal FC,France,Ligue 1,Olympique Marseille,loan transfer,2022
237,Harry Winks,Defensive Midfield,26,15000000,England,Premier League,Tottenham Hotspur,Italy,Serie A,UC Sampdoria,loan transfer,2022
238,Amad Diallo,Right Winger,20,15000000,England,Premier League,Manchester United,England,Championship,Sunderland AFC,loan transfer,2022
239,Justin Kluivert,Left Winger,23,15000000,Italy,Serie A,AS Roma,Spain,LaLiga,Valencia CF,loan transfer,2022
240,Albert Sambi Lokonga,Central Midfield,23,15000000,England,Premier League,Arsenal FC,England,Premier League,Crystal Palace,loan transfer,2022
241,Emmanuel Dennis,Centre-Forward,24,14000000,England,Championship,Watford FC,England,Premier League,Nottingham Forest,14000000,2022
242,Djed Spence,Right-Back,21,8000000,England,Championship,Middlesbrough FC,England,Premier League,Tottenham Hotspur,14000000,2022
243,Diego Rossi,Left Winger,24,14000000,United States,MLS,Los Angeles FC,Turkey,Süper Lig,Fenerbahce,5000000,2022
244,Emerson,Left-Back,28,14000000,England,Premier League,Chelsea FC,England,Premier League,West Ham United,15000000,2022
245,Gavin Bazunu,Goalkeeper,20,5000000,England,Premier League 2,Manchester City U21,England,Premier League,Southampton FC,14000000,2022
246,Mohamed Bayo,Centre-Forward,24,12000000,France,Ligue 1,Clermont Foot 63,France,Ligue 1,LOSC Lille,14000000,2022
247,Victor Kristiansen,Left-Back,20,4000000,Denmark,Superligaen,FC Copenhagen,England,Premier League,Leicester City,14000000,2022
248,Marcão,Centre-Back,26,14000000,Turkey,Süper Lig,Galatasaray,Spain,LaLiga,Sevilla FC,12000000,2022
249,Wout Weghorst,Centre-Forward,30,14000000,England,Championship,Burnley FC,England,Premier League,Manchester United,2000000,2022
250,Sebastian Szymanski,Attacking Midfield,23,14000000,Russia,Premier Liga,Dynamo Moscow,Netherlands,Eredivisie,Feyenoord Rotterdam,2000000,2022
251,Wout Weghorst,Centre-Forward,29,14000000,England,Championship,Burnley FC,Turkey,Süper Lig,Besiktas JK,loan transfer,2022
252,Walter Benítez,Goalkeeper,29,14000000,France,Ligue 1,OGC Nice,Netherlands,Eredivisie,PSV Eindhoven,free transfer,2022
253,Kayky,Right Winger,19,14000000,England,Premier League 2,Manchester City U21,Portugal,Liga Portugal,FC Paços de Ferreira,loan transfer,2022
254,Yangel Herrera,Central Midfield,24,14000000,England,Premier League,Manchester City,Spain,LaLiga,Girona FC,loan transfer,2022
255,Jason Denayer,Centre-Back,27,14000000,France,Ligue 1,Olympique Lyon,United Arab Emirates,UAE Pro League,FC Shabab Al-Ahli Dubai,free transfer,2022
256,Carlos Alcaraz,Central Midfield,20,8000000,Argentina,Liga Profesional,Racing Club,England,Premier League,Southampton FC,13000000,2022
257,Éderson,Central Midfield,22,13000000,Italy,Serie A,US Salernitana 1919,Italy,Serie A,Atalanta BC,21000000,2022
258,Sékou Mara,Centre-Forward,19,3000000,France,Ligue 2,FC Girondins Bordeaux,England,Premier League,Southampton FC,13000000,2022
259,Sergio Gómez,Left-Back,21,10000000,Belgium,Jupiler Pro League,RSC Anderlecht,England,Premier League,Manchester City,13000000,2022
260,Fredrik Aursnes,Defensive Midfield,26,12000000,Netherlands,Eredivisie,Feyenoord Rotterdam,Portugal,Liga Portugal,SL Benfica,13000000,2022
261,Lucas Gourna-Douath,Defensive Midfield,18,10000000,France,Ligue 2,AS Saint-Étienne,Austria,Bundesliga,Red Bull Salzburg,13000000,2022
262,Mattia Viti,Centre-Back,20,7000000,Italy,Serie A,FC Empoli,France,Ligue 1,OGC Nice,13000000,2022
263,Sasa Lukic,Central Midfield,26,13000000,Italy,Serie A,Torino FC,England,Premier League,Fulham FC,9000000,2022
264,Salih Özcan,Defensive Midfield,24,13000000,Germany,Bundesliga,1. FC Köln,Germany,Bundesliga,Borussia Dortmund,5000000,2022
265,Djed Spence,Right-Back,22,13000000,England,Premier League,Tottenham Hotspur,France,Ligue 1,Stade Rennais FC,loan transfer,2022
266,Fábio Silva,Centre-Forward,20,13000000,England,Premier League,Wolverhampton Wanderers,Netherlands,Eredivisie,PSV Eindhoven,loan transfer,2022
267,Ivan Ilić,Central Midfield,21,13000000,Italy,Serie A,Hellas Verona,Italy,Serie A,Torino FC,loan transfer,2022
268,James Rodríguez,Attacking Midfield,31,13000000,Qatar,Stars League,Al-Rayyan SC,Greece,Super League 1,Olympiacos Piraeus,free transfer,2022
269,Calvin Stengs,Right Winger,23,13000000,France,Ligue 1,OGC Nice,Belgium,Jupiler Pro League,Royal Antwerp FC,loan transfer,2022
270,Ethan Ampadu,Centre-Back,21,13000000,England,Premier League,Chelsea FC,Italy,Serie A,Spezia Calcio,loan transfer,2022
271,Andrey Santos,Central Midfield,18,10000000,Brazil,Carioca - Taça Guanabara,Clube de Regatas Vasco da Gama,England,Premier League,Chelsea FC,12000000,2022
272,Roméo Lavia,Defensive Midfield,18,2000000,England,Premier League 2,Manchester City U21,England,Premier League,Southampton FC,12000000,2022
273,Fernando Gorriarán,Central Midfield,28,9000000,Mexico,Liga MX Clausura,Santos Laguna,Mexico,Liga MX Clausura,Tigres UANL,12000000,2022
274,Pau López,Goalkeeper,27,12000000,Italy,Serie A,AS Roma,France,Ligue 1,Olympique Marseille,12000000,2022
275,Marc Roca,Defensive Midfield,25,7000000,Germany,Bundesliga,Bayern Munich,England,Premier League,Leeds United,12000000,2022
276,Agustín Álvarez,Centre-Forward,21,4000000,Uruguay,Primera División Clausura,CA Peñarol,Italy,Serie A,US Sassuolo,12000000,2022
277,Chris Richards,Centre-Back,22,7000000,Germany,Bundesliga,Bayern Munich,England,Premier League,Crystal Palace,12000000,2022
278,Alexis Beka Beka,Defensive Midfield,21,3000000,Russia,Premier Liga,Lokomotiv Moscow,France,Ligue 1,OGC Nice,12000000,2022
279,Stanley Nsoki,Centre-Back,23,7000000,Belgium,Jupiler Pro League,Club Brugge KV,Germany,Bundesliga,TSG 1899 Hoffenheim,12000000,2022
280,David Datro Fofana,Centre-Forward,20,7000000,Norway,Eliteserien,Molde FK,England,Premier League,Chelsea FC,12000000,2022
281,Maximilian Wöber,Centre-Back,24,12000000,Austria,Bundesliga,Red Bull Salzburg,England,Premier League,Leeds United,12000000,2022
282,Naouirou Ahamada,Central Midfield,20,5000000,Germany,Bundesliga,VfB Stuttgart,England,Premier League,Crystal Palace,12000000,2022
283,Gabriel Veron,Left Winger,19,12000000,Brazil,Série A,Sociedade Esportiva Palmeiras,Portugal,Liga Portugal,FC Porto,10000000,2022
284,Luís Maximiano,Goalkeeper,23,12000000,Spain,LaLiga2,Granada CF,Italy,Serie A,SS Lazio,10000000,2022
285,Willian José,Centre-Forward,30,12000000,Spain,LaLiga,Real Sociedad,Spain,LaLiga,Real Betis Balompié,10000000,2022
286,Owen Wijndal,Left-Back,22,12000000,Netherlands,Eredivisie,AZ Alkmaar,Netherlands,Eredivisie,Ajax Amsterdam,10000000,2022
287,Marko Grujić,Defensive Midfield,26,12000000,England,Premier League,Liverpool FC,Portugal,Liga Portugal,FC Porto,9000000,2022
288,Samuele Ricci,Defensive Midfield,20,12000000,Italy,Serie A,FC Empoli,Italy,Serie A,Torino FC,8000000,2022
289,Antonin Barak,Attacking Midfield,28,12000000,Italy,Serie A,Hellas Verona,Italy,Serie A,ACF Fiorentina,8000000,2022
290,Billy Gilmour,Central Midfield,21,12000000,England,Premier League,Chelsea FC,England,Premier League,Brighton & Hove Albion,8000000,2022
291,Luiz Henrique,Right Winger,21,12000000,Brazil,Série A,Fluminense Football Club,Spain,LaLiga,Real Betis Balompié,8000000,2022
292,Angelo Fulgini,Attacking Midfield,25,12000000,France,Ligue 1,Angers SCO,Germany,Bundesliga,1.FSV Mainz 05,6000000,2022
293,Fábio Carvalho,Attacking Midfield,19,12000000,England,Premier League,Fulham FC,England,Premier League,Liverpool FC,5000000,2022
294,João Pedro,Centre-Forward,30,12000000,Italy,Serie B,Cagliari Calcio,Turkey,Süper Lig,Fenerbahce,4000000,2022
295,Idrissa Gueye,Central Midfield,32,12000000,France,Ligue 1,Paris Saint-Germain,England,Premier League,Everton FC,4000000,2022
296,Sérgio Oliveira,Central Midfield,30,12000000,Portugal,Liga Portugal,FC Porto,Turkey,Süper Lig,Galatasaray,3000000,2022
297,Maxi Gómez,Centre-Forward,26,12000000,Spain,LaLiga,Valencia CF,Turkey,Süper Lig,Trabzonspor,3000000,2022
298,Andrea Petagna,Centre-Forward,27,12000000,Italy,Serie A,SSC Napoli,Italy,Serie A,AC Monza,2000000,2022
299,Karl Toko Ekambi,Left Winger,30,12000000,France,Ligue 1,Olympique Lyon,France,Ligue 1,Stade Rennais FC,1000000,2022
300,Razvan Marin,Central Midfield,26,12000000,Italy,Serie B,Cagliari Calcio,Italy,Serie A,FC Empoli,1000000,2022
301,Boulaye Dia,Centre-Forward,25,12000000,Spain,LaLiga,Villarreal CF,Italy,Serie A,US Salernitana 1919,1000000,2022
302,Krzysztof Piatek,Centre-Forward,27,12000000,Germany,Bundesliga,Hertha BSC,Italy,Serie A,US Salernitana 1919,1000000,2022
303,Kevin Schade,Right Winger,21,12000000,Germany,Bundesliga,SC Freiburg,England,Premier League,Brentford FC,1000000,2022
304,Diego Llorente,Centre-Back,29,12000000,England,Premier League,Leeds United,Italy,Serie A,AS Roma,500k,2022
305,Sam Johnstone,Goalkeeper,29,12000000,England,Championship,West Bromwich Albion,England,Premier League,Crystal Palace,free transfer,2022
306,André Onana,Goalkeeper,26,12000000,Netherlands,Eredivisie,Ajax Amsterdam,Italy,Serie A,Inter Milan,free transfer,2022
307,Divock Origi,Centre-Forward,27,12000000,England,Premier League,Liverpool FC,Italy,Serie A,AC Milan,free transfer,2022
308,Clément Lenglet,Centre-Back,27,12000000,Spain,LaLiga,FC Barcelona,England,Premier League,Tottenham Hotspur,loan transfer,2022
309,Ángel Di María,Right Winger,34,12000000,France,Ligue 1,Paris Saint-Germain,Italy,Serie A,Juventus FC,free transfer,2022
310,Taty Castellanos,Centre-Forward,23,12000000,United States,MLS,New York City FC,Spain,LaLiga,Girona FC,loan transfer,2022
311,Adnan Januzaj,Right Winger,27,12000000,Spain,LaLiga,Real Sociedad,Spain,LaLiga,Sevilla FC,free transfer,2022
312,Loïc Badé,Centre-Back,22,12000000,France,Ligue 1,Stade Rennais FC,England,Premier League,Nottingham Forest,loan transfer,2022
313,Marcos Alonso,Left-Back,31,12000000,England,Premier League,Chelsea FC,Spain,LaLiga,FC Barcelona,free transfer,2022
314,Gustavo Scarpa,Attacking Midfield,28,12000000,Brazil,Paulistão A1 - Primeira fase,Sociedade Esportiva Palmeiras,England,Premier League,Nottingham Forest,free transfer,2022
315,Kasper Dolberg,Centre-Forward,25,12000000,France,Ligue 1,OGC Nice,Germany,Bundesliga,TSG 1899 Hoffenheim,loan transfer,2022
316,Bryan Gil,Left Winger,21,12000000,England,Premier League,Tottenham Hotspur,Spain,LaLiga,Sevilla FC,loan transfer,2022
317,Sergi Canós,Right Winger,25,12000000,England,Premier League,Brentford FC,Greece,Super League 1,Olympiacos Piraeus,loan transfer,2022
318,Matt Doherty,Right-Back,31,12000000,England,Premier League,Tottenham Hotspur,Spain,LaLiga,Atlético de Madrid,free transfer,2022
319,Andrey Santos,Central Midfield,18,12000000,England,Premier League,Chelsea FC,Brazil,Carioca - Taça Guanabara,Clube de Regatas Vasco da Gama,loan transfer,2022
320,Marcus Tavernier,Central Midfield,23,4000000,England,Championship,Middlesbrough FC,England,Premier League,AFC Bournemouth,11000000,2022
321,Julio Enciso,Centre-Forward,18,11000000,Paraguay,Primera División Clausura,Club Libertad Asunción,England,Premier League,Brighton & Hove Albion,11000000,2022
322,Youssouf Ndayishimiye,Centre-Back,24,7000000,Turkey,Süper Lig,Basaksehir FK,France,Ligue 1,OGC Nice,11000000,2022
323,Mario Lemina,Defensive Midfield,29,7000000,France,Ligue 1,OGC Nice,England,Premier League,Wolverhampton Wanderers,11000000,2022
324,Máximo Perrone,Defensive Midfield,20,8000000,Argentina,Liga Profesional,CA Vélez Sarsfield,England,Premier League,Manchester City,11000000,2022
325,Lyle Foster,Centre-Forward,22,2000000,Belgium,Jupiler Pro League,KVC Westerlo,England,Championship,Burnley FC,11000000,2022
326,Amin Sarr,Centre-Forward,21,3000000,Netherlands,Eredivisie,SC Heerenveen,France,Ligue 1,Olympique Lyon,11000000,2022
327,Joshua Zirkzee,Centre-Forward,21,11000000,Germany,Bundesliga,Bayern Munich,Italy,Serie A,Bologna FC 1909,8000000,2022
328,Matheus Henrique,Central Midfield,24,11000000,Brazil,Série B,Grêmio Foot-Ball Porto Alegrense,Italy,Serie A,US Sassuolo,8000000,2022
329,Ludovic Ajorque,Centre-Forward,28,11000000,France,Ligue 1,RC Strasbourg Alsace,Germany,Bundesliga,1.FSV Mainz 05,6000000,2022
330,Nicolás Tagliafico,Left-Back,29,11000000,Netherlands,Eredivisie,Ajax Amsterdam,France,Ligue 1,Olympique Lyon,4000000,2022
331,Mady Camara,Central Midfield,25,11000000,Greece,Super League 1,Olympiacos Piraeus,Italy,Serie A,AS Roma,1000000,2022
332,Flynn Downes,Central Midfield,23,2000000,Wales,Championship,Swansea City,England,Premier League,West Ham United,10000000,2022
333,Gabriel Sara,Central Midfield,23,6000000,Brazil,Série A,São Paulo Futebol Clube,England,Championship,Norwich City,10000000,2022
334,James Garner,Defensive Midfield,21,7000000,England,Premier League 2,Manchester United U21,England,Premier League,Everton FC,10000000,2022
335,Antoine Semenyo,Centre-Forward,23,3000000,England,Championship,Bristol City,England,Premier League,AFC Bournemouth,10000000,2022
336,Nicolás Ibáñez,Centre-Forward,28,7000000,Mexico,Liga MX Clausura,CF Pachuca,Mexico,Liga MX Clausura,Tigres UANL,10000000,2022
337,Dango Ouattara,Right Winger,20,10000000,France,Ligue 1,FC Lorient,England,Premier League,AFC Bournemouth,22000000,2022
338,Armel Bella-Kotchap,Centre-Back,20,10000000,Germany,Bundesliga,VfL Bochum,England,Premier League,Southampton FC,11000000,2022
339,Jakub Kaminski,Left Winger,20,10000000,Poland,Ekstraklasa,Lech Poznan,Germany,Bundesliga,VfL Wolfsburg,10000000,2022
340,Rúben Vinagre,Left-Back,23,5000000,England,Premier League,Wolverhampton Wanderers,Portugal,Liga Portugal,Sporting CP,10000000,2022
341,Jens Petter Hauge,Right Winger,22,8000000,Italy,Serie A,AC Milan,Germany,Bundesliga,Eintracht Frankfurt,10000000,2022
342,Giulian Biancone,Right-Back,22,4000000,France,Ligue 1,ESTAC Troyes,England,Premier League,Nottingham Forest,10000000,2022
343,Kristian Thorstvedt,Attacking Midfield,23,5000000,Belgium,Jupiler Pro League,KRC Genk,Italy,Serie A,US Sassuolo,10000000,2022
344,Luis Suárez,Centre-Forward,24,9000000,Spain,LaLiga2,Granada CF,France,Ligue 1,Olympique Marseille,10000000,2022
345,Junya Ito,Right Winger,29,7000000,Belgium,Jupiler Pro League,KRC Genk,France,Ligue 1,Stade Reims,10000000,2022
346,Borja Mayoral,Centre-Forward,25,9000000,Spain,LaLiga,Real Madrid,Spain,LaLiga,Getafe CF,10000000,2022
347,Armand Laurienté,Left Winger,23,7000000,France,Ligue 1,FC Lorient,Italy,Serie A,US Sassuolo,10000000,2022
348,Jeffinho,Left Winger,23,1000000,Brazil,Carioca - Taça Guanabara,Botafogo de Futebol e Regatas,France,Ligue 1,Olympique Lyon,10000000,2022
349,Ademola Lookman,Second Striker,24,10000000,Germany,Bundesliga,RB Leipzig,Italy,Serie A,Atalanta BC,9000000,2022
350,Guglielmo Vicario,Goalkeeper,25,10000000,Italy,Serie B,Cagliari Calcio,Italy,Serie A,FC Empoli,8000000,2022
351,Rolando Mandragora,Defensive Midfield,25,10000000,Italy,Serie A,Juventus FC,Italy,Serie A,ACF Fiorentina,8000000,2022
352,Gerónimo Rulli,Goalkeeper,30,10000000,Spain,LaLiga,Villarreal CF,Netherlands,Eredivisie,Ajax Amsterdam,8000000,2022
353,Joe Aribo,Attacking Midfield,25,10000000,Scotland,Premiership,Rangers FC,England,Premier League,Southampton FC,7000000,2022
354,Beto,Centre-Forward,24,10000000,Portugal,Liga Portugal,Portimonense SC,Italy,Serie A,Udinese Calcio,7000000,2022
355,Ozan Kabak,Centre-Back,22,10000000,Germany,Bundesliga,FC Schalke 04,Germany,Bundesliga,TSG 1899 Hoffenheim,7000000,2022
356,Sofiane Boufal,Left Winger,29,10000000,France,Ligue 1,Angers SCO,Qatar,Stars League,Al-Rayyan SC,6000000,2022
357,Mislav Orsic,Left Winger,30,10000000,Croatia,SuperSport HNL,GNK Dinamo Zagreb,England,Premier League,Southampton FC,5000000,2022
358,Gianluca Caprari,Second Striker,28,10000000,Italy,Serie A,UC Sampdoria,Italy,Serie A,Hellas Verona,5000000,2022
359,Kristjan Asllani,Defensive Midfield,20,10000000,Italy,Serie A,FC Empoli,Italy,Serie A,Inter Milan,4000000,2022
360,Wilfried Gnonto,Left Winger,18,10000000,Switzerland,Super League,FC Zürich,England,Premier League,Leeds United,4000000,2022
361,Hugo Duro,Centre-Forward,22,10000000,Spain,LaLiga,Getafe CF,Spain,LaLiga,Valencia CF,4000000,2022
362,Mahmoud Trezeguet,Left Winger,27,10000000,England,Premier League,Aston Villa,Turkey,Süper Lig,Trabzonspor,4000000,2022
363,Michy Batshuayi,Centre-Forward,28,10000000,England,Premier League,Chelsea FC,Turkey,Süper Lig,Fenerbahce,3000000,2022
364,Mario Götze,Attacking Midfield,30,10000000,Netherlands,Eredivisie,PSV Eindhoven,Germany,Bundesliga,Eintracht Frankfurt,3000000,2022
365,Gianluca Caprari,Second Striker,28,10000000,Italy,Serie A,Hellas Verona,Italy,Serie A,AC Monza,3000000,2022
366,Léo Dubois,Right-Back,27,10000000,France,Ligue 1,Olympique Lyon,Turkey,Süper Lig,Galatasaray,2000000,2022
367,Aster Vranckx,Central Midfield,19,10000000,Germany,Bundesliga,VfL Wolfsburg,Italy,Serie A,AC Milan,2000000,2022
368,Alexander Sörloth,Centre-Forward,26,10000000,Germany,Bundesliga,RB Leipzig,Spain,LaLiga,Real Sociedad,1000000,2022
369,Mathias Normann,Defensive Midfield,26,10000000,Russia,Premier Liga,FK Rostov,Russia,Premier Liga,Dynamo Moscow,1000000,2022
370,Romain Faivre,Right Midfield,24,10000000,France,Ligue 1,Olympique Lyon,France,Ligue 1,FC Lorient,1000000,2022
371,Aleksey Miranchuk,Attacking Midfield,26,10000000,Italy,Serie A,Atalanta BC,Italy,Serie A,Torino FC,980k,2022
372,Pierluigi Gollini,Goalkeeper,27,10000000,Italy,Serie A,Atalanta BC,Italy,Serie A,ACF Fiorentina,490k,2022
373,Alessio Cragno,Goalkeeper,28,10000000,Italy,Serie B,Cagliari Calcio,Italy,Serie A,AC Monza,400k,2022
374,Manu Sánchez,Left-Back,21,10000000,Spain,LaLiga,Atlético de Madrid,Spain,LaLiga,CA Osasuna,200k,2022
375,Cyle Larin,Centre-Forward,27,10000000,Turkey,Süper Lig,Besiktas JK,Belgium,Jupiler Pro League,Club Brugge KV,free transfer,2022
376,Ivan Perisic,Left Midfield,33,10000000,Italy,Serie A,Inter Milan,England,Premier League,Tottenham Hotspur,free transfer,2022
377,Federico Bernardeschi,Right Winger,28,10000000,Italy,Serie A,Juventus FC,Canada,MLS,Toronto FC,free transfer,2022
378,Alex Mowatt,Central Midfield,27,10000000,England,Championship,West Bromwich Albion,England,Championship,Middlesbrough FC,loan transfer,2022
379,Ander Herrera,Central Midfield,33,10000000,France,Ligue 1,Paris Saint-Germain,Spain,LaLiga,Athletic Bilbao,loan transfer,2022
380,Nicolò Rovella,Defensive Midfield,20,10000000,Italy,Serie A,Juventus FC,Italy,Serie A,AC Monza,loan transfer,2022
381,Stefan Posch,Centre-Back,25,10000000,Germany,Bundesliga,TSG 1899 Hoffenheim,Italy,Serie A,Bologna FC 1909,loan transfer,2022
382,Serhou Guirassy,Centre-Forward,26,10000000,France,Ligue 1,Stade Rennais FC,Germany,Bundesliga,VfB Stuttgart,loan transfer,2022
383,Ainsley Maitland-Niles,Right Midfield,25,10000000,England,Premier League,Arsenal FC,England,Premier League,Southampton FC,loan transfer,2022
384,Amine Harit,Attacking Midfield,25,10000000,Germany,Bundesliga,FC Schalke 04,France,Ligue 1,Olympique Marseille,loan transfer,2022
385,Allan,Defensive Midfield,31,10000000,England,Premier League,Everton FC,United Arab Emirates,UAE Pro League,Al-Wahda FC Abu Dhabi,free transfer,2022
386,Loïc Badé,Centre-Back,22,10000000,France,Ligue 1,Stade Rennais FC,Spain,LaLiga,Sevilla FC,loan transfer,2022
387,Kayky,Right Winger,19,10000000,England,Premier League 2,Manchester City U21,Brazil,Nordeste - Fase de Grupos,Esporte Clube Bahia,loan transfer,2022
388,Chris Wood,Centre-Forward,31,10000000,England,Premier League,Newcastle United,England,Premier League,Nottingham Forest,loan transfer,2022
389,Matheus Pereira,Attacking Midfield,26,10000000,Saudi Arabia,Saudi Pro League,Al-Hilal Saudi FC,United Arab Emirates,UAE Pro League,Al-Wahda FC Abu Dhabi,loan transfer,2022
390,Pape Gueye,Defensive Midfield,24,10000000,France,Ligue 1,Olympique Marseille,Spain,LaLiga,Sevilla FC,loan transfer,2022
391,Jeff Reine-Adélaïde,Attacking Midfield,25,10000000,France,Ligue 1,Olympique Lyon,France,Ligue 1,ESTAC Troyes,loan transfer,2022
392,Marquinhos,Right Winger,19,10000000,England,Premier League,Arsenal FC,England,Championship,Norwich City,loan transfer,2022
393,Florian Thauvin,Right Winger,30,10000000,Mexico,Liga MX Clausura,Tigres UANL,Italy,Serie A,Udinese Calcio,free transfer,2022
394,Loïs Openda,Centre-Forward,22,7000000,Belgium,Jupiler Pro League,Club Brugge KV,France,Ligue 1,RC Lens,9000000,2022
395,Cucho Hernández,Centre-Forward,23,9000000,England,Championship,Watford FC,United States,MLS,Columbus Crew,9000000,2022
396,José Manuel López,Centre-Forward,21,8000000,Argentina,Liga Profesional,Club Atlético Lanús,Brazil,Série A,Sociedade Esportiva Palmeiras,9000000,2022
397,João Victor,Centre-Back,23,8000000,Brazil,Série A,Sport Club Corinthians Paulista,Portugal,Liga Portugal,SL Benfica,9000000,2022
398,Andreas Pereira,Attacking Midfield,26,7000000,England,Premier League,Manchester United,England,Premier League,Fulham FC,9000000,2022
399,Ahmetcan Kaplan,Centre-Back,19,2000000,Turkey,Süper Lig,Trabzonspor,Netherlands,Eredivisie,Ajax Amsterdam,9000000,2022
400,Evander,Central Midfield,24,9000000,Denmark,Superligaen,FC Midtjylland,United States,MLS,Portland Timbers,9000000,2022
401,Miralem Pjanic,Central Midfield,32,9000000,Spain,LaLiga,FC Barcelona,United Arab Emirates,UAE Pro League,Sharjah FC,free transfer,2022
402,Lewis O'Brien,Central Midfield,23,3000000,England,Championship,Huddersfield Town,England,Premier League,Nottingham Forest,9000000,2022
403,Alphonse Areola,Goalkeeper,29,8000000,France,Ligue 1,Paris Saint-Germain,England,Premier League,West Ham United,9000000,2022
404,Gabriel Slonina,Goalkeeper,18,3000000,United States,MLS,Chicago Fire FC,England,Premier League,Chelsea FC,9000000,2022
405,Andrea Colpani,Central Midfield,23,2000000,Italy,Serie A,Atalanta BC,Italy,Serie A,AC Monza,9000000,2022
406,Perr Schuurs,Centre-Back,22,7000000,Netherlands,Eredivisie,Ajax Amsterdam,Italy,Serie A,Torino FC,9000000,2022
407,Christopher Wooh,Centre-Back,20,3000000,France,Ligue 1,RC Lens,France,Ligue 1,Stade Rennais FC,9000000,2022
408,Andreas Schjelderup,Left Winger,18,9000000,Denmark,Superligaen,FC Nordsjaelland,Portugal,Liga Portugal,SL Benfica,9000000,2022
409,Jonas Omlin,Goalkeeper,29,7000000,France,Ligue 1,Montpellier HSC,Germany,Bundesliga,Borussia Mönchengladbach,9000000,2022
410,Josip Juranovic,Right-Back,27,9000000,Scotland,Premiership,Celtic FC,Germany,Bundesliga,1.FC Union Berlin,8000000,2022
411,Jhon Lucumí,Centre-Back,24,9000000,Belgium,Jupiler Pro League,KRC Genk,Italy,Serie A,Bologna FC 1909,8000000,2022
412,Adam Buksa,Centre-Forward,25,9000000,United States,MLS,New England Revolution,France,Ligue 1,RC Lens,6000000,2022
413,Andreas Cornelius,Centre-Forward,29,9000000,Turkey,Süper Lig,Trabzonspor,Denmark,Superligaen,FC Copenhagen,6000000,2022
414,Facundo Buonanotte,Attacking Midfield,18,9000000,Argentina,Liga Profesional,CA Rosario Central,England,Premier League,Brighton & Hove Albion,6000000,2022
415,Kevin Mbabu,Right-Back,27,9000000,Germany,Bundesliga,VfL Wolfsburg,England,Premier League,Fulham FC,5000000,2022
416,Anders Dreyer,Right Winger,24,9000000,Denmark,Superligaen,FC Midtjylland,Belgium,Jupiler Pro League,RSC Anderlecht,4000000,2022
417,Bernd Leno,Goalkeeper,30,9000000,England,Premier League,Arsenal FC,England,Premier League,Fulham FC,3000000,2022
418,Kristijan Jakic,Defensive Midfield,25,9000000,Croatia,SuperSport HNL,GNK Dinamo Zagreb,Germany,Bundesliga,Eintracht Frankfurt,3000000,2022
419,Anwar El Ghazi,Right Winger,27,9000000,England,Premier League,Aston Villa,Netherlands,Eredivisie,PSV Eindhoven,2000000,2022
420,Predrag Rajković,Goalkeeper,26,9000000,France,Ligue 1,Stade Reims,Spain,LaLiga,RCD Mallorca,2000000,2022
421,Nikola Moro,Defensive Midfield,24,9000000,Russia,Premier Liga,Dynamo Moscow,Italy,Serie A,Bologna FC 1909,1000000,2022
422,Ricardo Pepi,Centre-Forward,19,9000000,Germany,Bundesliga,FC Augsburg,Netherlands,Eredivisie,FC Groningen,500k,2022
423,Thorgan Hazard,Left Winger,29,9000000,Germany,Bundesliga,Borussia Dortmund,Netherlands,Eredivisie,PSV Eindhoven,500k,2022
424,Portu,Right Winger,30,9000000,Spain,LaLiga,Real Sociedad,Spain,LaLiga,Getafe CF,loan transfer,2022
425,Luca Pellegrini,Left-Back,23,9000000,Italy,Serie A,Juventus FC,Italy,Serie A,SS Lazio,loan transfer,2022
426,Jean-Philippe Gbamin,Defensive Midfield,26,9000000,England,Premier League,Everton FC,Turkey,Süper Lig,Trabzonspor,loan transfer,2022
427,Freddie Woodman,Goalkeeper,25,9000000,England,Premier League,Newcastle United,England,Championship,Preston North End,?,2022
428,Angelo Fulgini,Attacking Midfield,26,9000000,Germany,Bundesliga,1.FSV Mainz 05,France,Ligue 1,RC Lens,loan transfer,2022
429,Óscar Rodríguez,Attacking Midfield,24,9000000,Spain,LaLiga,Sevilla FC,Spain,LaLiga,Celta de Vigo,loan transfer,2022
430,Unai Núñez,Centre-Back,25,9000000,Spain,LaLiga,Athletic Bilbao,Spain,LaLiga,Celta de Vigo,loan transfer,2022
431,Ilaix Moriba,Central Midfield,19,9000000,Germany,Bundesliga,RB Leipzig,Spain,LaLiga,Valencia CF,loan transfer,2022
432,Rafinha,Attacking Midfield,29,9000000,France,Ligue 1,Paris Saint-Germain,Qatar,Stars League,Al-Arabi SC,free transfer,2022
433,Luis Suárez,Centre-Forward,25,9000000,France,Ligue 1,Olympique Marseille,Spain,LaLiga,UD Almería,loan transfer,2022
434,Portu,Right Winger,30,9000000,Spain,LaLiga,Real Sociedad,Spain,LaLiga,Getafe CF,loan transfer,2022
435,Paco Alcácer,Centre-Forward,28,9000000,Spain,LaLiga,Villarreal CF,United Arab Emirates,UAE Pro League,Sharjah FC,free transfer,2022
436,Julien Duranville,Right Winger,16,5000000,Belgium,Jupiler Pro League,RSC Anderlecht,Germany,Bundesliga,Borussia Dortmund,8000000,2022
437,Ritsu Doan,Right Winger,24,8000000,Netherlands,Eredivisie,PSV Eindhoven,Germany,Bundesliga,SC Freiburg,8000000,2022
438,Omar Richards,Left-Back,24,7000000,Germany,Bundesliga,Bayern Munich,England,Premier League,Nottingham Forest,8000000,2022
439,Giulio Maggiore,Central Midfield,24,8000000,Italy,Serie A,Spezia Calcio,Italy,Serie A,US Salernitana 1919,4000000,2022
440,Nathan Ngoumou,Right Winger,22,2000000,France,Ligue 1,FC Toulouse,Germany,Bundesliga,Borussia Mönchengladbach,8000000,2022
441,Yann Sommer,Goalkeeper,34,5000000,Germany,Bundesliga,Borussia Mönchengladbach,Germany,Bundesliga,Bayern Munich,8000000,2022
442,Alexander Bah,Right-Back,24,7000000,Czech Republic,Fortuna Liga,SK Slavia Prague,Portugal,Liga Portugal,SL Benfica,8000000,2022
443,César Montes,Centre-Back,25,7000000,Mexico,Liga MX Clausura,CF Monterrey,Spain,LaLiga,RCD Espanyol Barcelona,8000000,2022
444,Ismaël Koné,Central Midfield,20,6000000,Canada,MLS,CF Montréal,England,Championship,Watford FC,8000000,2022
445,André Almeida,Central Midfield,22,5000000,Portugal,Liga Portugal,Vitória Guimarães SC,Spain,LaLiga,Valencia CF,8000000,2022
446,Simon Adingra,Left Winger,20,1000000,Denmark,Superligaen,FC Nordsjaelland,England,Premier League,Brighton & Hove Albion,8000000,2022
447,El Bilal Touré,Centre-Forward,20,6000000,France,Ligue 1,Stade Reims,Spain,LaLiga,UD Almería,8000000,2022
448,Marcos Antônio,Central Midfield,22,8000000,Ukraine,Premier Liga,Shakhtar Donetsk,Italy,Serie A,SS Lazio,7000000,2022
449,Abner,Left-Back,22,8000000,Brazil,Série A,Club Athletico Paranaense,Spain,LaLiga,Real Betis Balompié,7000000,2022
450,Abner,Left-Back,22,8000000,Brazil,Série A,Club Athletico Paranaense,Spain,LaLiga,Real Betis Balompié,7000000,2022
451,Bamba Dieng,Centre-Forward,22,8000000,France,Ligue 1,Olympique Marseille,France,Ligue 1,FC Lorient,7000000,2022
452,Lucas Alario,Centre-Forward,29,8000000,Germany,Bundesliga,Bayer 04 Leverkusen,Germany,Bundesliga,Eintracht Frankfurt,6000000,2022
453,Patrick Wimmer,Right Winger,21,8000000,Germany,2. Bundesliga,Arminia Bielefeld,Germany,Bundesliga,VfL Wolfsburg,5000000,2022
454,Anders Dreyer,Right Winger,24,8000000,Russia,1.Division,Rubin Kazan,Denmark,Superligaen,FC Midtjylland,5000000,2022
455,Francisco Conceição,Right Winger,19,8000000,Portugal,Liga Portugal,FC Porto,Netherlands,Eredivisie,Ajax Amsterdam,5000000,2022
456,Flavius Daniliuc,Centre-Back,21,8000000,France,Ligue 1,OGC Nice,Italy,Serie A,US Salernitana 1919,5000000,2022
457,Carlos Vinícius,Centre-Forward,27,8000000,Portugal,Liga Portugal,SL Benfica,England,Premier League,Fulham FC,5000000,2022
458,Martín Ojeda,Left Winger,24,8000000,Argentina,Liga Profesional,CD Godoy Cruz Antonio Tomba,United States,MLS,Orlando City SC,5000000,2022
459,Denis Bouanga,Left Winger,27,8000000,France,Ligue 2,AS Saint-Étienne,United States,MLS,Los Angeles FC,4000000,2022
460,Wanderson,Left Winger,28,8000000,Russia,Premier Liga,FK Krasnodar,Brazil,Campeonato Gaúcho,Sport Club Internacional,4000000,2022
461,Enis Bardhi,Attacking Midfield,27,8000000,Spain,LaLiga2,Levante UD,Turkey,Süper Lig,Trabzonspor,3000000,2022
462,Kastriot Imeri,Central Midfield,22,8000000,Switzerland,Super League,Servette FC,Switzerland,Super League,BSC Young Boys,3000000,2022
463,Moi Gómez,Left Winger,28,8000000,Spain,LaLiga,Villarreal CF,Spain,LaLiga,CA Osasuna,1000000,2022
464,Todd Cantwell,Left Midfield,24,8000000,England,Championship,Norwich City,Scotland,Premiership,Rangers FC,1000000,2022
465,Haris Seferovic,Centre-Forward,30,8000000,Portugal,Liga Portugal,SL Benfica,Turkey,Süper Lig,Galatasaray,1000000,2022
466,Malang Sarr,Centre-Back,23,8000000,England,Premier League,Chelsea FC,Monaco,Ligue 1,AS Monaco,1000000,2022
467,Domingos Duarte,Centre-Back,27,8000000,Spain,LaLiga2,Granada CF,Spain,LaLiga,Getafe CF,750k,2022
468,Alejandro Pozuelo,Attacking Midfield,30,8000000,Canada,MLS,Toronto FC,United States,MLS,Inter Miami CF,136k,2022
469,Romain Saïss,Centre-Back,32,8000000,England,Premier League,Wolverhampton Wanderers,Turkey,Süper Lig,Besiktas JK,free transfer,2022
470,Isaac Hayden,Defensive Midfield,27,8000000,England,Premier League,Newcastle United,England,Championship,Norwich City,loan transfer,2022
471,Jordan Larsson,Right Winger,25,8000000,Russia,Premier Liga,Spartak Moscow,Germany,Bundesliga,FC Schalke 04,free transfer,2022
472,Henrikh Mkhitaryan,Attacking Midfield,33,8000000,Italy,Serie A,AS Roma,Italy,Serie A,Inter Milan,free transfer,2022
473,Abdallah Sima,Right Winger,21,8000000,England,Premier League,Brighton & Hove Albion,France,Ligue 1,Angers SCO,loan transfer,2022
474,Joshua King,Centre-Forward,30,8000000,England,Championship,Watford FC,Turkey,Süper Lig,Fenerbahce,free transfer,2022
475,Christos Tzolis,Left Winger,20,8000000,England,Championship,Norwich City,Netherlands,Eredivisie,Twente Enschede FC,loan transfer,2022
476,Zinho Vanheusden,Centre-Back,22,8000000,Italy,Serie A,Inter Milan,Netherlands,Eredivisie,AZ Alkmaar,loan transfer,2022
477,Pol Lirola,Right-Back,24,8000000,France,Ligue 1,Olympique Marseille,Spain,LaLiga,Elche CF,loan transfer,2022
478,Jens Petter Hauge,Right Winger,22,8000000,Germany,Bundesliga,Eintracht Frankfurt,Belgium,Jupiler Pro League,KAA Gent,loan transfer,2022
479,Reinier,Attacking Midfield,20,8000000,Spain,LaLiga,Real Madrid,Spain,LaLiga,Girona FC,loan transfer,2022
480,Kacper Kozlowski,Central Midfield,18,8000000,England,Premier League,Brighton & Hove Albion,Netherlands,Eredivisie,Vitesse Arnhem,loan transfer,2022
481,Marco Carnesecchi,Goalkeeper,22,8000000,Italy,Serie A,Atalanta BC,Italy,Serie A,US Cremonese,loan transfer,2022
482,Munir El Haddadi,Centre-Forward,26,8000000,Spain,LaLiga,Sevilla FC,Spain,LaLiga,Getafe CF,free transfer,2022
483,Abde Ezzalzouli,Left Winger,20,8000000,Spain,LaLiga,FC Barcelona,Spain,LaLiga,CA Osasuna,loan transfer,2022
484,Djibril Sidibé,Right-Back,30,8000000,Monaco,Ligue 1,AS Monaco,Greece,Super League 1,AEK Athens,free transfer,2022
485,Cédric Bakambu,Centre-Forward,31,8000000,France,Ligue 1,Olympique Marseille,Greece,Super League 1,Olympiacos Piraeus,free transfer,2022
486,Cameron Archer,Centre-Forward,21,8000000,England,Premier League,Aston Villa,England,Championship,Middlesbrough FC,loan transfer,2022
487,João Victor,Centre-Back,24,8000000,Portugal,Liga Portugal,SL Benfica,France,Ligue 1,FC Nantes,loan transfer,2022
488,Joe Gelhardt,Centre-Forward,20,8000000,England,Premier League,Leeds United,England,Championship,Sunderland AFC,loan transfer,2022
489,Nedim Bajrami,Attacking Midfield,23,8000000,Italy,Serie A,FC Empoli,Italy,Serie A,US Sassuolo,loan transfer,2022
490,Lewis O'Brien,Central Midfield,24,8000000,England,Premier League,Nottingham Forest,United States,MLS,D.C. United,loan transfer,2022
491,Vedat Muriqi,Centre-Forward,28,7000000,Italy,Serie A,SS Lazio,Spain,LaLiga,RCD Mallorca,7000000,2022
492,Jean-Victor Makengo,Central Midfield,24,7000000,Italy,Serie A,Udinese Calcio,France,Ligue 1,FC Lorient,11000000,2022
493,Bartol Franjic,Defensive Midfield,22,4000000,Croatia,SuperSport HNL,GNK Dinamo Zagreb,Germany,Bundesliga,VfL Wolfsburg,7000000,2022
494,Jota,Left Winger,23,7000000,Portugal,Liga Portugal,SL Benfica,Scotland,Premiership,Celtic FC,7000000,2022
495,Ousmane Diomande,Centre-Back,19,400k,Denmark,Superligaen,FC Midtjylland,Portugal,Liga Portugal,Sporting CP,7000000,2022
496,Nicolò Casale,Centre-Back,24,7000000,Italy,Serie A,Hellas Verona,Italy,Serie A,SS Lazio,7000000,2022
497,Takefusa Kubo,Right Winger,21,7000000,Spain,LaLiga,Real Madrid,Spain,LaLiga,Real Sociedad,6000000,2022
498,Julian Ryerson,Right-Back,25,7000000,Germany,Bundesliga,1.FC Union Berlin,Germany,Bundesliga,Borussia Dortmund,5000000,2022
499,Guus Til,Attacking Midfield,24,7000000,Russia,Premier Liga,Spartak Moscow,Netherlands,Eredivisie,PSV Eindhoven,3000000,2022
500,Josip Brekalo,Left Winger,24,7000000,Germany,Bundesliga,VfL Wolfsburg,Italy,Serie A,ACF Fiorentina,1000000,2022
501,Grischa Prömel,Central Midfield,27,7000000,Germany,Bundesliga,1.FC Union Berlin,Germany,Bundesliga,TSG 1899 Hoffenheim,free transfer,2022
502,Ezgjan Alioski,Left-Back,30,7000000,Saudi Arabia,Without League,Al-Ahli Saudi FC,Turkey,Süper Lig,Fenerbahce,loan transfer,2022
503,Isco,Attacking Midfield,30,7000000,Spain,LaLiga,Real Madrid,Spain,LaLiga,Sevilla FC,free transfer,2022
504,Alexandru Cicaldau,Central Midfield,25,7000000,Turkey,Süper Lig,Galatasaray,United Arab Emirates,UAE Pro League,Al-Ittihad Kalba SC,loan transfer,2022
505,Quinten Timber,Central Midfield,21,4000000,Netherlands,Eredivisie,FC Utrecht,Netherlands,Eredivisie,Feyenoord Rotterdam,7000000,2022
506,Cameron Carter-Vickers,Centre-Back,24,7000000,England,Premier League,Tottenham Hotspur,Scotland,Premiership,Celtic FC,7000000,2022
507,Strahinja Pavlovic,Centre-Back,21,5000000,Monaco,Ligue 1,AS Monaco,Austria,Bundesliga,Red Bull Salzburg,7000000,2022
508,Matteo Lovato,Centre-Back,22,7000000,Italy,Serie A,Atalanta BC,Italy,Serie A,US Salernitana 1919,7000000,2022
509,Aaron Boupendza,Centre-Forward,26,7000000,Qatar,Stars League,Al-Arabi SC,Saudi Arabia,Saudi Pro League,Al-Shabab Club (Riyadh),7000000,2022
510,Malick Thiaw,Centre-Back,21,6000000,Germany,Bundesliga,FC Schalke 04,Italy,Serie A,AC Milan,7000000,2022
511,Lázaro,Left Winger,20,7000000,Brazil,Série A,CR Flamengo,Spain,LaLiga,UD Almería,7000000,2022
512,Ayrton Lucas,Left-Back,25,6000000,Russia,Premier Liga,Spartak Moscow,Brazil,Carioca - Taça Guanabara,CR Flamengo,7000000,2022
513,Casper Tengstedt,Centre-Forward,22,3000000,Norway,Eliteserien,Rosenborg BK,Portugal,Liga Portugal,SL Benfica,7000000,2022
514,Oscar Gloukh,Attacking Midfield,18,4000000,Israel,Ligat ha'Al,Maccabi Tel Aviv,Austria,Bundesliga,Red Bull Salzburg,7000000,2022
515,Samuel Lino,Left Winger,22,7000000,Portugal,Liga Portugal,Gil Vicente FC,Spain,LaLiga,Atlético de Madrid,6000000,2022
516,Jorge Carrascal,Attacking Midfield,24,7000000,Argentina,Liga Profesional,CA River Plate,Russia,Premier Liga,CSKA Moscow,6000000,2022
517,Jordan,Centre-Forward,26,7000000,Switzerland,Super League,BSC Young Boys,Germany,Bundesliga,1.FC Union Berlin,6000000,2022
518,Giuliano Galoppo,Attacking Midfield,23,7000000,Argentina,Liga Profesional,CA Banfield,Brazil,Série A,São Paulo Futebol Clube,6000000,2022
519,Matheus Martins,Left Winger,19,7000000,Brazil,Carioca - Taça Guanabara,Fluminense Football Club,Italy,Serie A,Udinese Calcio,6000000,2022
520,Cristian Arango,Centre-Forward,27,7000000,United States,MLS,Los Angeles FC,Mexico,Liga MX Clausura,CF Pachuca,5000000,2022
521,Luan Peres,Centre-Back,28,7000000,France,Ligue 1,Olympique Marseille,Turkey,Süper Lig,Fenerbahce,5000000,2022
522,Toby Alderweireld,Centre-Back,33,7000000,Qatar,Stars League,Al-Duhail SC,Belgium,Jupiler Pro League,Royal Antwerp FC,4000000,2022
523,Ui-jo Hwang,Centre-Forward,29,7000000,France,Ligue 2,FC Girondins Bordeaux,England,Premier League,Nottingham Forest,4000000,2022
524,Fabien Centonze,Right-Back,26,7000000,France,Ligue 2,FC Metz,France,Ligue 1,FC Nantes,4000000,2022
525,Marquinhos,Right Winger,19,7000000,Brazil,Série A,São Paulo Futebol Clube,England,Premier League,Arsenal FC,3000000,2022
526,Raoul Bellanova,Right-Back,22,7000000,Italy,Serie B,Cagliari Calcio,Italy,Serie A,Inter Milan,3000000,2022
527,Willian Arão,Defensive Midfield,30,7000000,Brazil,Série A,CR Flamengo,Turkey,Süper Lig,Fenerbahce,3000000,2022
528,Morten Thorsby,Central Midfield,26,7000000,Italy,Serie A,UC Sampdoria,Germany,Bundesliga,1.FC Union Berlin,3000000,2022
529,Théo Bongonda,Right Winger,26,7000000,Belgium,Jupiler Pro League,KRC Genk,Spain,LaLiga,Cádiz CF,3000000,2022
530,Adam Ounas,Right Winger,25,7000000,Italy,Serie A,SSC Napoli,France,Ligue 1,LOSC Lille,3000000,2022
531,Wesley,Left Winger,23,7000000,Brazil,Paulistão A1 - Primeira fase,Sociedade Esportiva Palmeiras,Brazil,Campeonato Mineiro,Cruzeiro Esporte Clube,3000000,2022
532,Eldor Shomurodov,Centre-Forward,27,7000000,Italy,Serie A,AS Roma,Italy,Serie A,Spezia Calcio,1000000,2022
533,Nicolas Raskin,Central Midfield,21,7000000,Belgium,Jupiler Pro League,Standard Liège,Scotland,Premiership,Rangers FC,1000000,2022
534,Agustín Rossi,Goalkeeper,27,7000000,Argentina,Liga Profesional,CA Boca Juniors,Saudi Arabia,Saudi Pro League,Al-Nassr FC,1000000,2022
535,Oliver Abildgaard,Defensive Midfield,26,7000000,Russia,1.Division,Rubin Kazan,Scotland,Premiership,Celtic FC,1000000,2022
536,Raoul Bellanova,Right-Back,22,7000000,France,Ligue 2,FC Girondins Bordeaux,Italy,Serie B,Cagliari Calcio,700k,2022
537,Diogo Leite,Centre-Back,23,7000000,Portugal,Liga Portugal,FC Porto,Germany,Bundesliga,1.FC Union Berlin,500k,2022
538,Kenedy,Left Winger,26,7000000,England,Premier League,Chelsea FC,Spain,LaLiga,Real Valladolid CF,500k,2022
539,Maycon,Central Midfield,25,7000000,Ukraine,Premier Liga,Shakhtar Donetsk,Brazil,Paulistão A1 - Primeira fase,Sport Club Corinthians Paulista,500k,2022
540,Andreaw Gravillon,Centre-Back,24,7000000,France,Ligue 1,Stade Reims,Italy,Serie A,Torino FC,300k,2022
541,Anthony Caci,Left-Back,25,7000000,France,Ligue 1,RC Strasbourg Alsace,Germany,Bundesliga,1.FSV Mainz 05,free transfer,2022
542,John Swift,Central Midfield,27,7000000,England,Championship,Reading FC,England,Championship,West Bromwich Albion,free transfer,2022
543,Taylor Harwood-Bellis,Centre-Back,20,7000000,England,Premier League 2,Manchester City U21,England,Championship,Burnley FC,loan transfer,2022
544,Stefano Sensi,Central Midfield,26,7000000,Italy,Serie A,Inter Milan,Italy,Serie A,AC Monza,loan transfer,2022
545,Martín Satriano,Centre-Forward,21,7000000,Italy,Serie A,Inter Milan,Italy,Serie A,FC Empoli,loan transfer,2022
546,Colin Dagba,Right-Back,23,7000000,France,Ligue 1,Paris Saint-Germain,France,Ligue 1,RC Strasbourg Alsace,loan transfer,2022
547,Ghislain Konan,Left-Back,26,7000000,France,Ligue 1,Stade Reims,Saudi Arabia,Saudi Pro League,Al-Nassr FC,free transfer,2022
548,Thomas Strakosha,Goalkeeper,27,7000000,Italy,Serie A,SS Lazio,England,Premier League,Brentford FC,free transfer,2022
549,Samuel Lino,Left Winger,22,7000000,Spain,LaLiga,Atlético de Madrid,Spain,LaLiga,Valencia CF,loan transfer,2022
550,Riqui Puig,Central Midfield,22,7000000,Spain,LaLiga,FC Barcelona,United States,MLS,Los Angeles Galaxy,free transfer,2022
551,Yeferson Soteldo,Left Winger,25,7000000,Mexico,Liga MX Clausura,Tigres UANL,Brazil,Série A,Santos FC,loan transfer,2022
552,Ui-jo Hwang,Centre-Forward,29,7000000,England,Premier League,Nottingham Forest,Greece,Super League 1,Olympiacos Piraeus,loan transfer,2022
553,Jack Stephens,Centre-Back,28,7000000,England,Premier League,Southampton FC,England,Premier League,AFC Bournemouth,loan transfer,2022
554,John Anthony Brooks,Centre-Back,29,7000000,Germany,Bundesliga,VfL Wolfsburg,Portugal,Liga Portugal,SL Benfica,free transfer,2022
555,Lucien Agoumé,Defensive Midfield,20,7000000,Italy,Serie A,Inter Milan,France,Ligue 1,ESTAC Troyes,loan transfer,2022
556,Uroš Račić,Defensive Midfield,24,7000000,Spain,LaLiga,Valencia CF,Portugal,Liga Portugal,SC Braga,loan transfer,2022
557,Milot Rashica,Right Winger,26,7000000,England,Championship,Norwich City,Turkey,Süper Lig,Galatasaray,loan transfer,2022
558,Paulinho,Left Winger,22,7000000,Germany,Bundesliga,Bayer 04 Leverkusen,Brazil,Campeonato Mineiro,Clube Atlético Mineiro,loan transfer,2022
559,Igor Gomes,Central Midfield,23,7000000,Brazil,Paulistão A1 - Primeira fase,São Paulo Futebol Clube,Brazil,Campeonato Mineiro,Clube Atlético Mineiro,free transfer,2022
560,Liam Delap,Centre-Forward,19,7000000,England,Premier League 2,Manchester City U21,England,Championship,Preston North End,loan transfer,2022
561,Jonjo Shelvey,Central Midfield,30,7000000,England,Premier League,Newcastle United,England,Premier League,Nottingham Forest,?,2022
562,Adnan Januzaj,Right Winger,27,7000000,Spain,LaLiga,Sevilla FC,Turkey,Süper Lig,Basaksehir FK,loan transfer,2022
563,Miguel Borja,Centre-Forward,29,3000000,Colombia,Liga DIMAYOR II,Junior FC,Argentina,Liga Profesional,CA River Plate,6000000,2022
564,Sávio,Right Winger,18,6000000,Brazil,Série A,Clube Atlético Mineiro,France,Ligue 1,ESTAC Troyes,6000000,2022
565,Cyriel Dessers,Centre-Forward,27,6000000,Belgium,Jupiler Pro League,KRC Genk,Italy,Serie A,US Cremonese,6000000,2022
566,Samir Caetano,Centre-Back,27,5000000,England,Championship,Watford FC,Mexico,Liga MX Clausura,Tigres UANL,6000000,2022
567,Yira Sor,Right Winger,22,4000000,Czech Republic,Fortuna Liga,SK Slavia Prague,Belgium,Jupiler Pro League,KRC Genk,6000000,2022
568,Stipe Biuk,Left Winger,20,5000000,Croatia,SuperSport HNL,HNK Hajduk Split,United States,MLS,Los Angeles FC,6000000,2022
569,Gedson Fernandes,Central Midfield,23,6000000,Portugal,Liga Portugal,SL Benfica,Turkey,Süper Lig,Besiktas JK,6000000,2022
570,Alberth Elis,Right Winger,26,6000000,Portugal,Liga Portugal,Boavista FC,France,Ligue 2,FC Girondins Bordeaux,6000000,2022
571,Ridvan Yilmaz,Left-Back,21,6000000,Turkey,Süper Lig,Besiktas JK,Scotland,Premiership,Rangers FC,4000000,2022
572,Mostafa Mohamed,Centre-Forward,24,6000000,Egypt,Premier League,Zamalek SC,Turkey,Süper Lig,Galatasaray,3000000,2022
573,Nicolás Castro,Attacking Midfield,21,6000000,Argentina,Liga Profesional,CA Newell's Old Boys,Belgium,Jupiler Pro League,KRC Genk,3000000,2022
574,Andreaw Gravillon,Centre-Back,24,6000000,Italy,Serie A,Inter Milan,France,Ligue 1,Stade Reims,3000000,2022
575,Andreaw Gravillon,Centre-Back,24,6000000,Italy,Serie A,Inter Milan,France,Ligue 1,Stade Reims,3000000,2022
576,Erick Pulgar,Defensive Midfield,28,6000000,Italy,Serie A,ACF Fiorentina,Brazil,Série A,CR Flamengo,2000000,2022
577,Selim Amallah,Attacking Midfield,26,6000000,Belgium,Jupiler Pro League,Standard Liège,Spain,LaLiga,Real Valladolid CF,1000000,2022
578,Mostafa Mohamed,Centre-Forward,24,6000000,Turkey,Süper Lig,Galatasaray,France,Ligue 1,FC Nantes,250k,2022
579,Niklas Stark,Centre-Back,27,6000000,Germany,Bundesliga,Hertha BSC,Germany,Bundesliga,SV Werder Bremen,free transfer,2022
580,Santiago Ascacíbar,Defensive Midfield,25,6000000,Germany,Bundesliga,Hertha BSC,Argentina,Liga Profesional,Club Estudiantes de La Plata,loan transfer,2022
581,Jed Wallace,Right Winger,28,6000000,England,Championship,Millwall FC,England,Championship,West Bromwich Albion,free transfer,2022
582,Rémy Cabella,Attacking Midfield,32,6000000,France,Ligue 1,Montpellier HSC,France,Ligue 1,LOSC Lille,free transfer,2022
583,Santiago Ascacíbar,Defensive Midfield,25,6000000,Germany,Bundesliga,Hertha BSC,Italy,Serie A,US Cremonese,loan transfer,2022
584,Víctor Guzmán,Attacking Midfield,27,6000000,Mexico,Liga MX Clausura,CF Pachuca,Mexico,Liga MX Clausura,Deportivo Guadalajara,?,2022
585,Matt Turner,Goalkeeper,28,5000000,United States,MLS,New England Revolution,England,Premier League,Arsenal FC,6000000,2022
586,Jörgen Strand Larsen,Centre-Forward,22,6000000,Netherlands,Eredivisie,FC Groningen,Spain,LaLiga,Celta de Vigo,12000000,2022
587,Jayden Oosterwolde,Left-Back,21,2000000,Italy,Serie B,Parma Calcio 1913,Turkey,Süper Lig,Fenerbahce,6000000,2022
588,Yusuf Demir,Right Winger,19,5000000,Austria,Bundesliga,Rapid Vienna,Turkey,Süper Lig,Galatasaray,6000000,2022
589,Fausto Vera,Defensive Midfield,22,6000000,Argentina,Liga Profesional,AA Argentinos Juniors,Brazil,Série A,Sport Club Corinthians Paulista,6000000,2022
590,David Hancko,Centre-Back,24,4000000,Czech Republic,Fortuna Liga,AC Sparta Prague,Netherlands,Eredivisie,Feyenoord Rotterdam,6000000,2022
591,Mario Gila,Centre-Back,21,500k,Spain,Primera Federación - Gr. I,Real Madrid Castilla,Italy,Serie A,SS Lazio,6000000,2022
592,Fernando,Centre-Forward,23,5000000,Ukraine,Premier Liga,Shakhtar Donetsk,Austria,Bundesliga,Red Bull Salzburg,6000000,2022
593,Pep Biel,Attacking Midfield,25,6000000,Denmark,Superligaen,FC Copenhagen,Greece,Super League 1,Olympiacos Piraeus,6000000,2022
594,Kiki Kouyaté,Centre-Back,25,3000000,France,Ligue 2,FC Metz,France,Ligue 1,Montpellier HSC,6000000,2022
595,Djordje Mihailovic,Attacking Midfield,24,6000000,Canada,MLS,CF Montréal,Netherlands,Eredivisie,AZ Alkmaar,6000000,2022
596,Matías Galarza,Central Midfield,20,800k,Argentina,Liga Profesional,AA Argentinos Juniors,Belgium,Jupiler Pro League,KRC Genk,6000000,2022
597,Felix Afena-Gyan,Centre-Forward,19,6000000,Italy,Serie A,AS Roma,Italy,Serie A,US Cremonese,6000000,2022
598,Bjorn Meijer,Left-Back,19,3000000,Netherlands,Eredivisie,FC Groningen,Belgium,Jupiler Pro League,Club Brugge KV,6000000,2022
599,Enzo Copetti,Centre-Forward,27,6000000,Argentina,Liga Profesional,Racing Club,United States,MLS,Charlotte FC,6000000,2022
600,Christian Benteke,Centre-Forward,31,6000000,England,Premier League,Crystal Palace,United States,MLS,D.C. United,5000000,2022
601,Jonathan Rodríguez,Centre-Forward,28,6000000,Saudi Arabia,Saudi Pro League,Al-Nassr FC,Mexico,Liga MX Clausura,CF América,5000000,2022
602,Valentin Rosier,Right-Back,25,6000000,Portugal,Liga Portugal,Sporting CP,Turkey,Süper Lig,Besiktas JK,4000000,2022
603,Anel Ahmedhodzic,Centre-Back,23,6000000,Sweden,Allsvenskan,Malmö FF,England,Championship,Sheffield United,4000000,2022
604,Junior Messias,Right Winger,31,6000000,Italy,Serie C - C,FC Crotone,Italy,Serie A,AC Milan,4000000,2022
605,Franco Cristaldo,Attacking Midfield,26,6000000,Argentina,Liga Profesional,CA Huracán,Brazil,Campeonato Gaúcho,Grêmio Foot-Ball Porto Alegrense,4000000,2022
606,Javairô Dilrosun,Left Winger,24,6000000,Germany,Bundesliga,Hertha BSC,Netherlands,Eredivisie,Feyenoord Rotterdam,4000000,2022
607,Miguel Gutiérrez,Left-Back,21,6000000,Spain,LaLiga,Real Madrid,Spain,LaLiga,Girona FC,4000000,2022
608,Matías Vargas,Left Winger,25,6000000,Spain,LaLiga,RCD Espanyol Barcelona,China,Super League,Shanghai Port,4000000,2022
609,Julián Araujo,Right-Back,21,6000000,United States,MLS,Los Angeles Galaxy,Spain,Primera Federación - Gr. II,FC Barcelona Atlètic,4000000,2022
610,Darwin Machís,Left Winger,29,6000000,Spain,LaLiga2,Granada CF,Mexico,Liga MX Clausura,FC Juárez,3000000,2022
611,Gamid Agalarov,Centre-Forward,21,6000000,Russia,1.Division,FK Ufa,Russia,Premier Liga,Akhmat Grozny,3000000,2022
612,Fredrik Midtsjö,Central Midfield,28,6000000,Netherlands,Eredivisie,AZ Alkmaar,Turkey,Süper Lig,Galatasaray,3000000,2022
613,Alistair Johnston,Right-Back,24,6000000,Canada,MLS,CF Montréal,Scotland,Premiership,Celtic FC,3000000,2022
614,Amir Hadziahmetovic,Defensive Midfield,25,6000000,Turkey,Süper Lig,Konyaspor,Turkey,Süper Lig,Besiktas JK,3000000,2022
615,Gonzalo Plata,Right Winger,21,6000000,Portugal,Liga Portugal,Sporting CP,Spain,LaLiga,Real Valladolid CF,3000000,2022
616,Lucas Piton,Left-Back,22,6000000,Brazil,Paulistão A1 - Primeira fase,Sport Club Corinthians Paulista,Brazil,Carioca - Taça Guanabara,Clube de Regatas Vasco da Gama,3000000,2022
617,Willy Boly,Centre-Back,31,6000000,England,Premier League,Wolverhampton Wanderers,England,Premier League,Nottingham Forest,2000000,2022
618,Eric Bailly,Centre-Back,28,6000000,England,Premier League,Manchester United,France,Ligue 1,Olympique Marseille,2000000,2022
619,Bartlomiej Dragowski,Goalkeeper,24,6000000,Italy,Serie A,ACF Fiorentina,Italy,Serie A,Spezia Calcio,1000000,2022
620,Pedro Raul,Centre-Forward,26,6000000,Japan,J1 League,Kashiwa Reysol,Brazil,Carioca - Taça Guanabara,Clube de Regatas Vasco da Gama,1000000,2022
621,Daniel Wass,Right-Back,33,6000000,Spain,LaLiga,Atlético de Madrid,Denmark,Superligaen,Bröndby IF,1000000,2022
622,Amadou Diawara,Defensive Midfield,25,6000000,Italy,Serie A,AS Roma,Belgium,Jupiler Pro League,RSC Anderlecht,1000000,2022
623,Marc Bartra,Centre-Back,31,6000000,Spain,LaLiga,Real Betis Balompié,Turkey,Süper Lig,Trabzonspor,1000000,2022
624,Lorenzo Lucca,Centre-Forward,21,6000000,Italy,Serie B,Pisa Sporting Club,Netherlands,Eredivisie,Ajax Amsterdam,1000000,2022
